id,slug,question,endDate,resolutionSource,resolvedOutcome,closed,active,archived,restricted,resolvedBy,category,volumeNum,liquidityNum,tags
613036,jef-quarterly-earnings-gaap-eps-2025-09-29-0pt8,Will Jefferies (JEF) beat quarterly earnings?,2025-09-29T00:00:00Z,,Yes,True,True,False,True,0x65070BE91477460D8A7AeEb94ef92fe056C2f2A7,,45005.464553,,"earnings,economy,finance"
614619,ccl-quarterly-earnings-nongaap-eps-2025-09-29-1pt32,Will Carnival Corporation (CCL) beat quarterly earnings?,2025-09-29T00:00:00Z,,Yes,True,True,False,True,0x65070BE91477460D8A7AeEb94ef92fe056C2f2A7,,12102.393893,,"earnings,economy,finance"
614635,unfi-quarterly-earnings-nongaap-eps-2025-09-30-neg0pt18,Will United Natural Foods (UNFI) beat quarterly earnings?,2025-09-30T00:00:00Z,,Yes,True,True,False,True,0x65070BE91477460D8A7AeEb94ef92fe056C2f2A7,,10879.427314,,"earnings,economy,finance"
614632,lw-quarterly-earnings-nongaap-eps-2025-09-30-0pt53,Will Lamb Weston Holdings (LW) beat quarterly earnings?,2025-09-30T00:00:00Z,,Yes,True,True,False,True,0x65070BE91477460D8A7AeEb94ef92fe056C2f2A7,,6483.689158,,"earnings,economy,finance"
613037,nke-quarterly-earnings-gaap-eps-2025-09-30-0pt27,Will NIKE (NKE) beat quarterly earnings?,2025-09-30T00:00:00Z,,Yes,True,True,False,True,0x65070BE91477460D8A7AeEb94ef92fe056C2f2A7,,159213.625713,,"earnings,economy,finance"
614636,stz-quarterly-earnings-nongaap-eps-2025-10-06-3pt44,Will Constellation Brands (STZ) beat quarterly earnings?,2025-10-06T00:00:00Z,,Yes,True,True,False,True,0x65070BE91477460D8A7AeEb94ef92fe056C2f2A7,,28275.424567,,"earnings,economy,finance"
619853,peng-quarterly-earnings-nongaap-eps-2025-10-07-0pt37,Will Penguin Solutions (PENG) beat quarterly earnings?,2025-10-07T00:00:00Z,,Yes,True,True,False,True,0x65070BE91477460D8A7AeEb94ef92fe056C2f2A7,,6272.205259,,"earnings,economy,finance"
614637,mkc-quarterly-earnings-nongaap-eps-2025-10-07-0pt82,Will McCormick & Company (MKC) beat quarterly earnings?,2025-10-07T00:00:00Z,,Yes,True,True,False,True,0x65070BE91477460D8A7AeEb94ef92fe056C2f2A7,,10219.254055,,"earnings,economy,finance"
619983,rgp-quarterly-earnings-nongaap-eps-2025-10-08-neg0pt10,Will Resources Connection (RGP) beat quarterly earnings?,2025-10-08T00:00:00Z,,Yes,True,True,False,True,0x65070BE91477460D8A7AeEb94ef92fe056C2f2A7,,4974.09297,,"earnings,economy,finance"
619980,rell-quarterly-earnings-nongaap-eps-2025-10-08-neg0pt01,Will Richardson Electronics (RELL) beat quarterly earnings?,2025-10-08T00:00:00Z,,Yes,True,True,False,True,0x65070BE91477460D8A7AeEb94ef92fe056C2f2A7,,22033.366218,,"earnings,economy,finance"
619857,azz-quarterly-earnings-nongaap-eps-2025-10-08-1pt57,Will AZZ (AZZ) beat quarterly earnings?,2025-10-08T00:00:00Z,,No,True,True,False,True,0x65070BE91477460D8A7AeEb94ef92fe056C2f2A7,,7149.079433,,"earnings,economy,finance"
613049,levi-quarterly-earnings-nongaap-eps-2025-10-09-0pt30,Will Levi Strauss & Co. (LEVI) beat quarterly earnings?,2025-10-09T00:00:00Z,,Yes,True,True,False,True,0x65070BE91477460D8A7AeEb94ef92fe056C2f2A7,,50505.336193,,"earnings,economy,finance"
620021,hele-quarterly-earnings-nongaap-eps-2025-10-09-0pt52,Will Helen of Troy (HELE) beat quarterly earnings?,2025-10-09T00:00:00Z,,Yes,True,True,False,True,0x65070BE91477460D8A7AeEb94ef92fe056C2f2A7,,63372.762324,,"earnings,economy,finance"
619984,apld-quarterly-earnings-nongaap-eps-2025-10-09-neg0pt16,Will Applied Digital (APLD) beat quarterly earnings?,2025-10-09T00:00:00Z,,Yes,True,True,False,True,0x65070BE91477460D8A7AeEb94ef92fe056C2f2A7,,9270.325321,,"earnings,economy,finance"
620023,neog-quarterly-earnings-nongaap-eps-2025-10-09-0pt04,Will Neogen (NEOG) beat quarterly earnings?,2025-10-09T00:00:00Z,,No,True,True,False,True,0x65070BE91477460D8A7AeEb94ef92fe056C2f2A7,,18819.863416,,"earnings,economy,finance"
613050,pep-quarterly-earnings-nongaap-eps-2025-10-09-2pt26,Will PepsiCo (PEP) beat quarterly earnings?,2025-10-09T00:00:00Z,,Yes,True,True,False,True,0x65070BE91477460D8A7AeEb94ef92fe056C2f2A7,,36990.499959,,"earnings,economy,finance"
613051,dal-quarterly-earnings-nongaap-eps-2025-10-09-1pt52,Will Delta Air Lines (DAL) beat quarterly earnings?,2025-10-09T00:00:00Z,,Yes,True,True,False,True,0x65070BE91477460D8A7AeEb94ef92fe056C2f2A7,,32169.421752,,"earnings,economy,finance"
620032,nrix-quarterly-earnings-gaap-eps-2025-10-9-neg0pt85,Will Nurix Therapeutics (NRIX) beat quarterly earnings?,2025-10-09T00:00:00Z,,No,True,True,False,True,0x65070BE91477460D8A7AeEb94ef92fe056C2f2A7,,4947.955613,,"earnings,economy,finance"
620038,byrn-quarterly-earnings-gaap-eps-2025-10-09-0pt06,Will Byrna Technologies (BYRN) beat quarterly earnings?,2025-10-09T00:00:00Z,,Yes,True,True,False,True,0x65070BE91477460D8A7AeEb94ef92fe056C2f2A7,,12833.139842,,"earnings,economy,finance"
619852,unty-quarterly-earnings-gaap-eps-2025-10-10-1pt29,Will Unity Bancorp (UNTY) beat quarterly earnings?,2025-10-10T00:00:00Z,,Yes,True,True,False,True,0x65070BE91477460D8A7AeEb94ef92fe056C2f2A7,,7434.126077,,"earnings,economy,finance"
620048,fast-quarterly-earnings-gaap-eps-2025-10-13-0pt30,Will Fastenal (FAST) beat quarterly earnings?,2025-10-13T00:00:00Z,,No,True,True,False,True,0x65070BE91477460D8A7AeEb94ef92fe056C2f2A7,,15797.541849,,"earnings,economy,finance"
613057,c-quarterly-earnings-gaap-eps-2025-10-14-1pt90,Will Citigroup (C) beat quarterly earnings?,2025-10-14T00:00:00Z,,No,True,True,False,True,0x65070BE91477460D8A7AeEb94ef92fe056C2f2A7,,66332.438147,,"earnings,economy,finance"
619556,blk-quarterly-earnings-nongaap-eps-2025-10-14-11pt76,Will BlackRock (BLK) beat quarterly earnings?,2025-10-14T00:00:00Z,,No,True,True,False,True,0x65070BE91477460D8A7AeEb94ef92fe056C2f2A7,,48009.316079,,"earnings,economy,finance"
613056,gs-quarterly-earnings-gaap-eps-2025-10-14-10pt47,Will Goldman Sachs (GS) beat quarterly earnings?,2025-10-14T00:00:00Z,,Yes,True,True,False,True,0x65070BE91477460D8A7AeEb94ef92fe056C2f2A7,,23143.120101,,"earnings,economy,finance"
613052,jpm-quarterly-earnings-gaap-eps-2025-10-14-4pt72,Will JPMorgan Chase (JPM) beat quarterly earnings?,2025-10-14T00:00:00Z,,Yes,True,True,False,True,0x65070BE91477460D8A7AeEb94ef92fe056C2f2A7,,30839.269081,,"earnings,economy,finance"
613066,dpz-quarterly-earnings-gaap-eps-2025-10-14-3pt96,Will Domino’s Pizza (DPZ) beat quarterly earnings?,2025-10-14T00:00:00Z,,Yes,True,True,False,True,0x65070BE91477460D8A7AeEb94ef92fe056C2f2A7,,14654.896339,,"earnings,economy,finance"
613067,jnj-quarterly-earnings-nongaap-eps-2025-10-14-2pt75,Will Johnson & Johnson (JNJ) beat quarterly earnings?,2025-10-14T00:00:00Z,,Yes,True,True,False,True,0x65070BE91477460D8A7AeEb94ef92fe056C2f2A7,,67936.535453,,"earnings,economy,finance"
613055,wfc-quarterly-earnings-gaap-eps-2025-10-14-1pt53,Will Wells Fargo (WFC) beat quarterly earnings?,2025-10-14T00:00:00Z,,Yes,True,True,False,True,0x65070BE91477460D8A7AeEb94ef92fe056C2f2A7,,22929.613627,,"earnings,economy,finance"
614644,abt-quarterly-earnings-nongaap-eps-2025-10-15-1pt30,Will Abbott Laboratories (ABT) beat quarterly earnings?,2025-10-15T00:00:00Z,,No,True,True,False,True,0x65070BE91477460D8A7AeEb94ef92fe056C2f2A7,,26893.832044,,"earnings,economy,finance"
614613,bac-quarterly-earnings-gaap-eps-2025-10-15-0pt93,Will Bank of America (BAC) beat quarterly earnings?,2025-10-15T00:00:00Z,,Yes,True,True,False,True,0x65070BE91477460D8A7AeEb94ef92fe056C2f2A7,,44878.391794,,"earnings,economy,finance"
614639,cfg-quarterly-earnings-gaap-eps-2025-10-15-1pt03,Will Citizens Financial Group (CFG) beat quarterly earnings?,2025-10-15T00:00:00Z,,Yes,True,True,False,True,0x65070BE91477460D8A7AeEb94ef92fe056C2f2A7,,12035.198598,,"earnings,economy,finance"
614614,ms-quarterly-earnings-gaap-eps-2025-10-15-2pt06,Will Morgan Stanley (MS) beat quarterly earnings?,2025-10-15T00:00:00Z,,Yes,True,True,False,True,0x65070BE91477460D8A7AeEb94ef92fe056C2f2A7,,21395.696932,,"earnings,economy,finance"
620069,gbci-quarterly-earnings-gaap-eps-2025-10-16-0pt61,Will Glacier Bancorp (GBCI) beat quarterly earnings?,2025-10-16T00:00:00Z,,No,True,True,False,True,0x65070BE91477460D8A7AeEb94ef92fe056C2f2A7,,39335.776905,,"earnings,economy,finance"
614616,schw-quarterly-earnings-nongaap-eps-2025-10-16-1pt21,Will Charles Schwab (SCHW) beat quarterly earnings?,2025-10-16T00:00:00Z,,Yes,True,True,False,True,0x65070BE91477460D8A7AeEb94ef92fe056C2f2A7,,25032.048584,,"earnings,economy,finance"
619538,key-quarterly-earnings-gaap-eps-2025-10-16-0pt38,Will Key (KEY) beat quarterly earnings?,2025-10-16T00:00:00Z,,Yes,True,True,False,True,0x65070BE91477460D8A7AeEb94ef92fe056C2f2A7,,9712.263924,,"earnings,economy,finance"
619549,usb-quarterly-earnings-gaap-eps-2025-10-16-1pt12,Will U.S. Bancorp (USB) beat quarterly earnings?,2025-10-16T00:00:00Z,,Yes,True,True,False,True,0x65070BE91477460D8A7AeEb94ef92fe056C2f2A7,,8195.451807,,"earnings,economy,finance"
614609,ibkr-quarterly-earnings-nongaap-eps-2025-10-16-0pt51,Will Interactive Brokers Group (IBKR) beat quarterly earnings?,2025-10-16T00:00:00Z,,Yes,True,True,False,True,0x65070BE91477460D8A7AeEb94ef92fe056C2f2A7,,27625.835218,,"earnings,economy,finance"
619465,bk-quarterly-earnings-gaap-eps-2025-10-16-1pt76,Will Bank of New York Mellon (BK) beat quarterly earnings?,2025-10-16T00:00:00Z,,Yes,True,True,False,True,0x65070BE91477460D8A7AeEb94ef92fe056C2f2A7,,4428.5395,,"earnings,economy,finance"
619557,tfc-quarterly-earnings-nongaap-eps-2025-10-17-0pt99,Will Truist Financial (TFC) beat quarterly earnings?,2025-10-17T00:00:00Z,,Yes,True,True,False,True,0x65070BE91477460D8A7AeEb94ef92fe056C2f2A7,,3651.367172,,"earnings,economy,finance"
619541,stt-quarterly-earnings-gaap-eps-2025-10-17-2pt58,Will State Street (STT) beat quarterly earnings?,2025-10-17T00:00:00Z,,Yes,True,True,False,True,0x65070BE91477460D8A7AeEb94ef92fe056C2f2A7,,14913.069103,,"earnings,economy,finance"
627451,axp-quarterly-earnings-gaap-eps-10-17-2025-4,Will American Express (AXP) beat quarterly earnings?,2025-10-17T13:00:00Z,https://seekingalpha.com/,Yes,True,True,False,True,0x65070BE91477460D8A7AeEb94ef92fe056C2f2A7,,22848.665874,,"earnings,economy,finance"
620052,sfbs-quarterly-earnings-nongaap-eps-2025-10-20-1pt34,Will ServisFirst Bancshares (SFBS) beat quarterly earnings?,2025-10-20T00:00:00Z,,No,True,True,False,True,0x65070BE91477460D8A7AeEb94ef92fe056C2f2A7,,30151.521357,,"earnings,economy,finance"
619560,efx-quarterly-earnings-nongaap-eps-2025-10-21-1pt94,Will Equifax Inc. (EFX) beat quarterly earnings?,2025-10-21T00:00:00Z,,Yes,True,True,False,True,0x65070BE91477460D8A7AeEb94ef92fe056C2f2A7,,11085.787306,,"earnings,economy,finance"
614638,omc-quarterly-earnings-nongaap-eps-2025-10-21-2pt17,Will Omnicom Group (OMC) beat quarterly earnings?,2025-10-21T00:00:00Z,,Yes,True,True,False,True,0x65070BE91477460D8A7AeEb94ef92fe056C2f2A7,,17925.594766,,"earnings,economy,finance"
627752,mmm-quarterly-earnings-nongaap-eps-10-21-2025-2pt07,Will 3M (MMM) beat quarterly earnings?,2025-10-21T13:00:00Z,https://seekingalpha.com/,Yes,True,True,False,True,0x65070BE91477460D8A7AeEb94ef92fe056C2f2A7,,10123.948917,,"earnings,economy,finance,hide-from-new"
627582,ko-quarterly-earnings-nongaap-eps-10-21-2025-0pt78,Will Coca-Cola (KO) beat quarterly earnings?,2025-10-21T13:00:00Z,https://seekingalpha.com/,Yes,True,True,False,True,0x65070BE91477460D8A7AeEb94ef92fe056C2f2A7,,53051.390997,,"earnings,economy,finance"
627587,gm-quarterly-earnings-nongaap-eps-10-21-2025-2pt31,Will General Motors (GM) beat quarterly earnings?,2025-10-21T13:00:00Z,https://seekingalpha.com/,Yes,True,True,False,True,0x65070BE91477460D8A7AeEb94ef92fe056C2f2A7,,25906.465997,,"earnings,economy,finance"
627639,hal-quarterly-earnings-gaap-eps-10-21-2025-0pt49,Will Halliburton (HAL) beat quarterly earnings?,2025-10-21T13:00:00Z,https://seekingalpha.com/,No,True,True,False,True,0x65070BE91477460D8A7AeEb94ef92fe056C2f2A7,,17587.869097,,"earnings,economy,finance"
627649,lmt-quarterly-earnings-gaap-eps-10-21-2025-6pt33,Will Lockheed Martin (LMT) beat quarterly earnings?,2025-10-21T13:00:00Z,https://seekingalpha.com/,Yes,True,True,False,True,0x65070BE91477460D8A7AeEb94ef92fe056C2f2A7,,10232.42431,,"earnings,economy,finance"
627653,ndaq-quarterly-earnings-nongaap-eps-10-21-2025-0pt83,Will Nasdaq (NDAQ) beat quarterly earnings?,2025-10-21T13:00:00Z,https://seekingalpha.com/,Yes,True,True,False,True,0x65070BE91477460D8A7AeEb94ef92fe056C2f2A7,,13369.512604,,"earnings,economy,finance"
627657,noc-quarterly-earnings-gaap-eps-10-21-2025-6pt49,Will Northrop Grumman (NOC) beat quarterly earnings?,2025-10-21T13:00:00Z,https://seekingalpha.com/,Yes,True,True,False,True,0x65070BE91477460D8A7AeEb94ef92fe056C2f2A7,,13934.227456,,"earnings,economy,finance"
627658,pm-quarterly-earnings-nongaap-eps-10-21-2025-2pt1,Will Philip Morris International (PM) beat quarterly earnings?,2025-10-21T13:00:00Z,https://seekingalpha.com/,Yes,True,True,False,True,0x65070BE91477460D8A7AeEb94ef92fe056C2f2A7,,7412.956971,,"earnings,economy,finance"
627659,phm-quarterly-earnings-gaap-eps-10-21-2025-3pt03,Will PulteGroup (PHM) beat quarterly earnings?,2025-10-21T13:00:00Z,https://seekingalpha.com/,No,True,True,False,True,0x65070BE91477460D8A7AeEb94ef92fe056C2f2A7,,37860.21061,,"earnings,economy,finance"
627660,dgx-quarterly-earnings-nongaap-eps-10-21-2025-2pt5,Will Quest Diagnostics (DGX) beat quarterly earnings?,2025-10-21T13:00:00Z,https://seekingalpha.com/,Yes,True,True,False,True,0x65070BE91477460D8A7AeEb94ef92fe056C2f2A7,,16135.064381,,"economy,earnings,finance"
627454,cb-quarterly-earnings-nongaap-eps-10-21-2025-5pt78,Will Chubb (CB) beat quarterly earnings?,2025-10-21T21:00:00Z,https://seekingalpha.com/,Yes,True,True,False,True,0x65070BE91477460D8A7AeEb94ef92fe056C2f2A7,,9549.515576,,"earnings,economy,finance"
627585,ewbc-quarterly-earnings-gaap-eps-10-21-2025-2pt34,Will East West Bancorp (EWBC) beat quarterly earnings?,2025-10-21T21:00:00Z,https://seekingalpha.com/,Yes,True,True,False,True,0x65070BE91477460D8A7AeEb94ef92fe056C2f2A7,,8739.858917,,"earnings,economy,finance"
627663,txn-quarterly-earnings-gaap-eps-10-21-2025-1pt49,Will Texas Instruments (TXN) beat quarterly earnings?,2025-10-21T21:00:00Z,https://seekingalpha.com/,No,True,True,False,True,0x65070BE91477460D8A7AeEb94ef92fe056C2f2A7,,44279.380126,,"earnings,economy,finance"
627652,mat-quarterly-earnings-nongaap-eps-10-21-2025-1pt07,Will Mattel (MAT) beat quarterly earnings?,2025-10-21T21:00:00Z,https://seekingalpha.com/,No,True,True,False,True,0x65070BE91477460D8A7AeEb94ef92fe056C2f2A7,,16978.539558,,"earnings,economy,finance"
627654,nflx-quarterly-earnings-nongaap-eps-10-21-2025-6pt95,Will Netflix (NFLX) beat quarterly earnings?,2025-10-21T21:00:00Z,https://seekingalpha.com/,No,True,True,False,True,0x65070BE91477460D8A7AeEb94ef92fe056C2f2A7,,64178.354417,,"earnings,economy,finance"
614615,tsla-quarterly-earnings-nongaap-eps-2025-10-22-0pt5,Will Tesla (TSLA) beat quarterly earnings?,2025-10-22T00:00:00Z,,No,True,True,False,True,0x65070BE91477460D8A7AeEb94ef92fe056C2f2A7,,726860.842831,,"earnings,economy,finance,tesla"
614647,kmi-quarterly-earnings-nongaap-eps-2025-10-15-0pt3,Will Kinder Morgan (KMI) beat quarterly earnings?,2025-10-22T00:00:00Z,,No,True,True,False,True,0x65070BE91477460D8A7AeEb94ef92fe056C2f2A7,,21007.333399,,"earnings,economy,finance"
627673,t-quarterly-earnings-nongaap-eps-10-22-2025-0pt54,Will AT&T (T) beat quarterly earnings?,2025-10-22T13:00:00Z,https://seekingalpha.com/,No,True,True,False,True,0x65070BE91477460D8A7AeEb94ef92fe056C2f2A7,,16216.870468,,"earnings,economy,finance"
637819,ntrs-quarterly-earnings-gaap-eps-10-22-2025-2pt24,Will Northern Trust (NTRS) beat quarterly earnings?,2025-10-22T13:00:00Z,https://seekingalpha.com/,Yes,True,True,False,True,0x65070BE91477460D8A7AeEb94ef92fe056C2f2A7,,6183.432195,,"earnings,economy,hide-from-new"
627735,hlt-quarterly-earnings-nongaap-eps-10-22-2025-2pt05,Will Hilton Worldwide Holdings (HLT) beat quarterly earnings?,2025-10-22T13:00:00Z,https://seekingalpha.com/,Yes,True,True,False,True,0x65070BE91477460D8A7AeEb94ef92fe056C2f2A7,,18743.410468,,"economy,earnings,finance"
627694,cme-quarterly-earnings-nongaap-eps-10-22-2025-2pt65,Will CME Group (CME) beat quarterly earnings?,2025-10-22T13:00:00Z,https://seekingalpha.com/,Yes,True,True,False,True,0x65070BE91477460D8A7AeEb94ef92fe056C2f2A7,,36878.932262,,"earnings,economy,finance"
627671,mco-quarterly-earnings-nongaap-eps-10-22-2025-3pt52,Will Moody's (MCO) beat quarterly earnings?,2025-10-22T13:00:00Z,https://seekingalpha.com/,Yes,True,True,False,True,0x65070BE91477460D8A7AeEb94ef92fe056C2f2A7,,11960.056033,,"earnings,economy,finance"
637847,rjf-quarterly-earnings-nongaap-eps-10-22-2025-2pt83,Will Raymond James Financial (RJF) beat quarterly earnings?,2025-10-22T21:00:00Z,https://seekingalpha.com/,Yes,True,True,False,True,0x65070BE91477460D8A7AeEb94ef92fe056C2f2A7,,4328.296563,,"earnings,economy,hide-from-new"
627695,chdn-quarterly-earnings-gaap-eps-10-22-2025-1,Will Churchill Downs (CHDN) beat quarterly earnings?,2025-10-22T21:00:00Z,https://seekingalpha.com/,No,True,True,False,True,0x65070BE91477460D8A7AeEb94ef92fe056C2f2A7,,8054.373985,,"earnings,economy,finance"
637848,seic-quarterly-earnings-gaap-eps-10-22-2025-1pt26,Will SEI Investments (SEIC) beat quarterly earnings?,2025-10-22T21:00:00Z,https://seekingalpha.com/,Yes,True,True,False,True,0x65070BE91477460D8A7AeEb94ef92fe056C2f2A7,,5879.68382,,"earnings,economy,hide-from-new"
627753,lvs-quarterly-earnings-nongaap-eps-10-22-2025-0pt61,Will Las Vegas Sands (LVS) beat quarterly earnings?,2025-10-22T21:00:00Z,https://seekingalpha.com/,Yes,True,True,False,True,0x65070BE91477460D8A7AeEb94ef92fe056C2f2A7,,3108.927988,,"earnings,economy,finance,hide-from-new"
637863,luv-quarterly-earnings-nongaap-eps-10-22-2025-neg0pt04,Will Southwest Airlines (LUV) beat quarterly earnings?,2025-10-22T21:00:00Z,https://seekingalpha.com/,Yes,True,True,False,True,0x65070BE91477460D8A7AeEb94ef92fe056C2f2A7,,11231.707235,,"earnings,economy,hide-from-new"
637859,wdfc-quarterly-earnings-gaap-eps-10-22-2025-1pt26,Will WD-40 Company (WDFC) beat quarterly earnings?,2025-10-22T21:00:00Z,https://seekingalpha.com/,Yes,True,True,False,True,0x65070BE91477460D8A7AeEb94ef92fe056C2f2A7,,4096.275739,,"earnings,economy,hide-from-new"
627736,ibm-quarterly-earnings-nongaap-eps-10-22-2025-2pt44,Will International Business Machines (IBM) beat quarterly earnings?,2025-10-22T21:00:00Z,https://seekingalpha.com/,Yes,True,True,False,True,0x65070BE91477460D8A7AeEb94ef92fe056C2f2A7,,14891.286792,,"economy,earnings,finance"
637843,orly-quarterly-earnings-gaap-eps-10-22-2025-0pt83,Will O'Reilly Automotive (ORLY) beat quarterly earnings?,2025-10-22T21:00:00Z,https://seekingalpha.com/,Yes,True,True,False,True,0x65070BE91477460D8A7AeEb94ef92fe056C2f2A7,,4925.434388,,"earnings,economy,hide-from-new"
637874,fcn-quarterly-earnings-gaap-eps-10-23-2025-1pt87,Will FTI Consulting (FCN) beat quarterly earnings?,2025-10-23T13:00:00Z,https://seekingalpha.com/,Yes,True,True,False,True,0x65070BE91477460D8A7AeEb94ef92fe056C2f2A7,,5149.514637,,"earnings,economy,hide-from-new"
637870,dow-quarterly-earnings-nongaap-eps-10-23-2025-neg0pt3,Will Dow (DOW) beat quarterly earnings?,2025-10-23T13:00:00Z,https://seekingalpha.com/,Yes,True,True,False,True,0x65070BE91477460D8A7AeEb94ef92fe056C2f2A7,,3608.299427,,"earnings,economy,hide-from-new"
637876,has-quarterly-earnings-nongaap-eps-10-23-2025-1pt63,Will Hasbro (HAS) beat quarterly earnings?,2025-10-23T13:00:00Z,https://seekingalpha.com/,Yes,True,True,False,True,0x65070BE91477460D8A7AeEb94ef92fe056C2f2A7,,11557.641372,,"economy,earnings,hide-from-new"
637877,hon-quarterly-earnings-nongaap-eps-10-23-2025-2pt57,Will Honeywell International (HON) beat quarterly earnings?,2025-10-23T13:00:00Z,https://seekingalpha.com/,Yes,True,True,False,True,0x65070BE91477460D8A7AeEb94ef92fe056C2f2A7,,9806.787639,,"economy,earnings,hide-from-new"
642133,imax-quarterly-earnings-nongaap-eps-10-23-2025-0pt39,Will IMAX (IMAX) beat quarterly earnings?,2025-10-23T13:00:00Z,https://seekingalpha.com/,Yes,True,True,False,True,0x65070BE91477460D8A7AeEb94ef92fe056C2f2A7,,6826.753997,,"earnings,economy,hide-from-new"
637868,cbre-quarterly-earnings-gaap-eps-10-23-2025-1pt27,Will CBRE Group (CBRE) beat quarterly earnings?,2025-10-23T13:00:00Z,https://seekingalpha.com/,No,True,True,False,True,0x65070BE91477460D8A7AeEb94ef92fe056C2f2A7,,24962.998476,,"earnings,economy,hide-from-new"
637865,bx-quarterly-earnings-gaap-eps-10-23-2025-1pt23,Will Blackstone (BX) beat quarterly earnings?,2025-10-23T13:00:00Z,https://seekingalpha.com/,No,True,True,False,True,0x65070BE91477460D8A7AeEb94ef92fe056C2f2A7,,32735.410703,,"earnings,economy,hide-from-new"
627739,aal-quarterly-earnings-nongaap-eps-10-23-2025-neg0pt28,Will American Airlines Group (AAL) beat quarterly earnings?,2025-10-23T13:00:00Z,https://seekingalpha.com/,Yes,True,True,False,True,0x65070BE91477460D8A7AeEb94ef92fe056C2f2A7,,12291.461271,,"earnings,economy,finance"
637864,ab-quarterly-earnings-nongaap-eps-10-23-2025-0pt85,Will AllianceBernstein (AB) beat quarterly earnings?,2025-10-23T13:00:00Z,https://seekingalpha.com/,Yes,True,True,False,True,0x65070BE91477460D8A7AeEb94ef92fe056C2f2A7,,4326.071692,,"earnings,economy,hide-from-new"
637886,unp-quarterly-earnings-gaap-eps-10-23-2025-2pt98,Will Union Pacific (UNP) beat quarterly earnings?,2025-10-23T13:00:00Z,https://seekingalpha.com/,Yes,True,True,False,True,0x65070BE91477460D8A7AeEb94ef92fe056C2f2A7,,8786.672867,,"earnings,economy,hide-from-new"
637885,tsco-quarterly-earnings-gaap-eps-10-23-2025-0pt48,Will Tractor Supply (TSCO) beat quarterly earnings?,2025-10-23T13:00:00Z,https://seekingalpha.com/,Yes,True,True,False,True,0x65070BE91477460D8A7AeEb94ef92fe056C2f2A7,,3591.96574,,"earnings,economy,hide-from-new"
637884,tmus-quarterly-earnings-gaap-eps-10-23-2025-2pt4,Will T-Mobile US (TMUS) beat quarterly earnings?,2025-10-23T13:00:00Z,https://seekingalpha.com/,Yes,True,True,False,True,0x65070BE91477460D8A7AeEb94ef92fe056C2f2A7,,22591.915618,,"earnings,economy,hide-from-new"
637880,stba-quarterly-earnings-gaap-eps-10-23-2025-0pt86,Will S&T Bancorp (STBA) beat quarterly earnings?,2025-10-23T13:00:00Z,https://seekingalpha.com/,Yes,True,True,False,True,0x65070BE91477460D8A7AeEb94ef92fe056C2f2A7,,2942.226548,,"earnings,economy,hide-from-new"
637879,pcg-quarterly-earnings-nongaap-eps-10-23-2025-0pt41,Will PG&E (PCG) beat quarterly earnings?,2025-10-23T13:00:00Z,https://seekingalpha.com/,Yes,True,True,False,True,0x65070BE91477460D8A7AeEb94ef92fe056C2f2A7,,7815.204372,,"earnings,economy,hide-from-new"
627748,sam-quarterly-earnings-gaap-eps-10-23-2025-3pt61,Will Boston Beer (SAM) beat quarterly earnings?,2025-10-23T21:00:00Z,https://seekingalpha.com/,Yes,True,True,False,True,0x65070BE91477460D8A7AeEb94ef92fe056C2f2A7,,4652.433418,,"earnings,economy,finance,hide-from-new"
637883,ssnc-quarterly-earnings-nongaap-eps-10-23-2025-1pt47,Will SS&C Technologies Holdings (SSNC) beat quarterly earnings?,2025-10-23T21:00:00Z,https://seekingalpha.com/,Yes,True,True,False,True,0x65070BE91477460D8A7AeEb94ef92fe056C2f2A7,,17599.083556,,"earnings,economy,hide-from-new"
637878,intc-quarterly-earnings-nongaap-eps-10-23-2025-0,Will Intel (INTC) beat quarterly earnings?,2025-10-23T21:00:00Z,https://seekingalpha.com/,Yes,True,True,False,True,0x65070BE91477460D8A7AeEb94ef92fe056C2f2A7,,19629.633897,,"earnings,economy,hide-from-new"
637869,cour-quarterly-earnings-nongaap-eps-10-23-2025-0pt08,Will Coursera (COUR) beat quarterly earnings?,2025-10-23T21:00:00Z,https://seekingalpha.com/,Yes,True,True,False,True,0x65070BE91477460D8A7AeEb94ef92fe056C2f2A7,,49939.083025,,"earnings,economy,hide-from-new"
642123,pg-quarterly-earnings-nongaap-eps-10-24-2025-1pt9,Will Procter & Gamble (PG) beat quarterly earnings?,2025-10-24T13:00:00Z,https://seekingalpha.com/,Yes,True,True,False,True,0x65070BE91477460D8A7AeEb94ef92fe056C2f2A7,,16195.371783,,"earnings,economy,hide-from-new"
642132,gd-quarterly-earnings-gaap-eps-10-24-2025-3pt71,Will General Dynamics (GD) beat quarterly earnings?,2025-10-24T13:00:00Z,https://seekingalpha.com/,Yes,True,True,False,True,0x65070BE91477460D8A7AeEb94ef92fe056C2f2A7,,7345.268374,,"economy,earnings,hide-from-new"
637871,f-quarterly-earnings-nongaap-eps-10-24-2025-0pt35,Will Ford Motor (F) beat quarterly earnings?,2025-10-24T21:00:00Z,https://seekingalpha.com/,Yes,True,True,False,True,0x65070BE91477460D8A7AeEb94ef92fe056C2f2A7,,19513.213928,,"earnings,economy,hide-from-new"
642137,bbby-quarterly-earnings-nongaap-eps-10-27-2025-neg0pt31,Will Bed Bath & Beyond (BBBY) beat quarterly earnings?,2025-10-27T21:00:00Z,https://seekingalpha.com/,Yes,True,True,False,True,0x65070BE91477460D8A7AeEb94ef92fe056C2f2A7,,36386.406622,,"earnings,economy,hide-from-new"
647803,cflt-quarterly-earnings-nongaap-eps-10-27-2025-0pt1,Will Confluent (CFLT) beat quarterly earnings?,2025-10-27T21:00:00Z,https://seekingalpha.com/,Yes,True,True,False,True,0x65070BE91477460D8A7AeEb94ef92fe056C2f2A7,,6935.72498,,"earnings,finance,hide-from-new"
643046,syy-quarterly-earnings-nongaap-eps-10-28-2025-1pt12,Will Sysco (SYY) beat quarterly earnings?,2025-10-28T13:00:00Z,https://seekingalpha.com/,Yes,True,True,False,True,0x65070BE91477460D8A7AeEb94ef92fe056C2f2A7,,41004.601021,,"economy,earnings,hide-from-new"
642128,rcl-quarterly-earnings-nongaap-eps-10-28-2025-5pt68,Will Royal Caribbean Cruises (RCL) beat quarterly earnings?,2025-10-28T13:00:00Z,https://seekingalpha.com/,Yes,True,True,False,True,0x65070BE91477460D8A7AeEb94ef92fe056C2f2A7,,15125.376087,,"earnings,economy,hide-from-new"
642125,pipr-quarterly-earnings-nongaap-eps-10-28-2025-3pt27,Will Piper Sandler Companies (PIPR) beat quarterly earnings?,2025-10-28T13:00:00Z,https://seekingalpha.com/,Yes,True,True,False,True,0x65070BE91477460D8A7AeEb94ef92fe056C2f2A7,,12129.688746,,"earnings,economy,hide-from-new"
643038,sofi-quarterly-earnings-gaap-eps-10-28-2025-0pt08,Will SoFi Technologies (SOFI) beat quarterly earnings?,2025-10-28T13:00:00Z,https://seekingalpha.com/,Yes,True,True,False,True,0x65070BE91477460D8A7AeEb94ef92fe056C2f2A7,,72258.901883,,"earnings,economy,hide-from-new"
643051,unh-quarterly-earnings-nongaap-eps-10-28-2025-2pt84,Will UnitedHealth Group (UNH) beat quarterly earnings?,2025-10-28T13:00:00Z,https://seekingalpha.com/,Yes,True,True,False,True,0x65070BE91477460D8A7AeEb94ef92fe056C2f2A7,,21086.957054,,"earnings,economy,hide-from-new"
643048,ups-quarterly-earnings-nongaap-eps-10-28-2025-1pt31,Will United Parcel Service (UPS) beat quarterly earnings?,2025-10-28T13:00:00Z,https://seekingalpha.com/,Yes,True,True,False,True,0x65070BE91477460D8A7AeEb94ef92fe056C2f2A7,,14144.458263,,"earnings,economy,hide-from-new"
643033,msci-quarterly-earnings-nongaap-eps-10-28-2025-4pt37,Will MSCI (MSCI) beat quarterly earnings?,2025-10-28T13:00:00Z,https://seekingalpha.com/,Yes,True,True,False,True,0x65070BE91477460D8A7AeEb94ef92fe056C2f2A7,,11037.709062,,"economy,earnings,hide-from-new"
643036,pypl-quarterly-earnings-nongaap-eps-10-28-2025-1pt21,Will PayPal Holdings (PYPL) beat quarterly earnings?,2025-10-28T13:00:00Z,https://seekingalpha.com/,Yes,True,True,False,True,0x65070BE91477460D8A7AeEb94ef92fe056C2f2A7,,32025.079283,,"economy,earnings,hide-from-new"
643023,lh-quarterly-earnings-nongaap-eps-10-28-2025-4pt14,Will Labcorp Holdings (LH) beat quarterly earnings?,2025-10-28T13:00:00Z,https://seekingalpha.com/,Yes,True,True,False,True,0x65070BE91477460D8A7AeEb94ef92fe056C2f2A7,,7275.324406,,"earnings,economy,hide-from-new"
643022,jblu-quarterly-earnings-nongaap-eps-10-28-2025-neg0pt42,Will JetBlue Airways (JBLU) beat quarterly earnings?,2025-10-28T13:00:00Z,https://seekingalpha.com/,Yes,True,True,False,True,0x65070BE91477460D8A7AeEb94ef92fe056C2f2A7,,12029.149486,,"earnings,economy,hide-from-new"
643019,ivz-quarterly-earnings-nongaap-eps-10-28-2025-0pt44,Will Invesco (IVZ) beat quarterly earnings?,2025-10-28T13:00:00Z,https://seekingalpha.com/,Yes,True,True,False,True,0x65070BE91477460D8A7AeEb94ef92fe056C2f2A7,,4074.578142,,"earnings,economy,hide-from-new"
642134,arcc-quarterly-earnings-nongaap-eps-10-28-2025-0pt5,Will Ares Capital (ARCC) beat quarterly earnings?,2025-10-28T13:00:00Z,https://seekingalpha.com/,No,True,True,False,True,0x65070BE91477460D8A7AeEb94ef92fe056C2f2A7,,12997.949186,,"earnings,economy,hide-from-new"
643017,ea-quarterly-earnings-gaap-eps-10-28-2025-0pt35,Will Electronic Arts (EA) beat quarterly earnings?,2025-10-28T21:00:00Z,https://seekingalpha.com/,Yes,True,True,False,True,0x65070BE91477460D8A7AeEb94ef92fe056C2f2A7,,34490.077012,,"earnings,economy,hide-from-new"
642139,bkng-quarterly-earnings-nongaap-eps-10-28-2025-95pt61,Will Booking Holdings (BKNG) beat quarterly earnings?,2025-10-28T21:00:00Z,https://seekingalpha.com/,Yes,True,True,False,True,0x65070BE91477460D8A7AeEb94ef92fe056C2f2A7,,10947.369477,,"earnings,economy,hide-from-new"
643016,csgp-quarterly-earnings-gaap-eps-10-28-2025-0pt01,Will CoStar Group (CSGP) beat quarterly earnings?,2025-10-28T21:00:00Z,https://seekingalpha.com/,No,True,True,False,True,0x65070BE91477460D8A7AeEb94ef92fe056C2f2A7,,21840.954153,,"earnings,economy,hide-from-new"
647509,cat-quarterly-earnings-nongaap-eps-10-29-2025-4pt52,Will Caterpillar (CAT) beat quarterly earnings?,2025-10-29T13:00:00Z,https://seekingalpha.com/,Yes,True,True,False,True,0x65070BE91477460D8A7AeEb94ef92fe056C2f2A7,,11657.563042,,"earnings,hide-from-new,finance"
647815,etsy-quarterly-earnings-gaap-eps-10-29-2025-0pt52,Will Etsy (ETSY) beat quarterly earnings?,2025-10-29T13:00:00Z,https://seekingalpha.com/,Yes,True,True,False,True,0x65070BE91477460D8A7AeEb94ef92fe056C2f2A7,,10701.599469,,"earnings,hide-from-new,finance"
647505,ba-quarterly-earnings-nongaap-eps-10-29-2025-neg2pt38,Will Boeing (BA) beat quarterly earnings?,2025-10-29T13:00:00Z,https://seekingalpha.com/,No,True,True,False,True,0x65070BE91477460D8A7AeEb94ef92fe056C2f2A7,,28547.065392,,"earnings,finance,hide-from-new"
643053,pag-quarterly-earnings-gaap-eps-10-29-2025-3pt38,Will Penske Automotive Group (PAG) beat quarterly earnings?,2025-10-29T13:00:00Z,https://seekingalpha.com/,No,True,True,False,True,0x65070BE91477460D8A7AeEb94ef92fe056C2f2A7,,11507.631941,,"economy,earnings,hide-from-new"
647823,otly-quarterly-earnings-gaap-eps-10-29-2025-neg0pt87,Will Oatly Group (OTLY) beat quarterly earnings?,2025-10-29T13:00:00Z,https://seekingalpha.com/,No,True,True,False,True,0x65070BE91477460D8A7AeEb94ef92fe056C2f2A7,,23241.004588,,"earnings,hide-from-new,finance"
648218,virt-quarterly-earnings-nongaap-eps-10-29-2025-0pt95,Will Virtu Financial (VIRT) beat quarterly earnings?,2025-10-29T13:00:00Z,https://seekingalpha.com/,Yes,True,True,False,True,0x65070BE91477460D8A7AeEb94ef92fe056C2f2A7,,4915.740972,,"earnings,finance,hide-from-new"
627698,evr-quarterly-earnings-nongaap-eps-10-29-2025-2pt93,Will Evercore (EVR) beat quarterly earnings?,2025-10-29T13:00:00Z,https://seekingalpha.com/,Yes,True,True,False,True,0x65070BE91477460D8A7AeEb94ef92fe056C2f2A7,,27247.416592,,"earnings,economy,finance"
647816,grmn-quarterly-earnings-nongaap-eps-10-29-2025-1pt98,Will Garmin (GRMN) beat quarterly earnings?,2025-10-29T13:00:00Z,https://seekingalpha.com/,Yes,True,True,False,True,0x65070BE91477460D8A7AeEb94ef92fe056C2f2A7,,6587.383438,,"earnings,finance,hide-from-new"
637846,otis-quarterly-earnings-nongaap-eps-10-29-2025-1,Will Otis Worldwide (OTIS) beat quarterly earnings?,2025-10-29T13:00:00Z,https://seekingalpha.com/,Yes,True,True,False,True,0x65070BE91477460D8A7AeEb94ef92fe056C2f2A7,,11065.558473,,"earnings,economy,hide-from-new"
627749,vz-quarterly-earnings-gaap-eps-10-29-2025-1pt17,Will Verizon Communications (VZ) beat quarterly earnings?,2025-10-29T13:00:00Z,https://seekingalpha.com/,No,True,True,False,True,0x65070BE91477460D8A7AeEb94ef92fe056C2f2A7,,32741.897001,,"earnings,economy,finance,hide-from-new"
647808,cvs-quarterly-earnings-nongaap-eps-10-29-2025-1pt36,Will CVS Health (CVS) beat quarterly earnings?,2025-10-29T13:00:00Z,https://seekingalpha.com/,Yes,True,True,False,True,0x65070BE91477460D8A7AeEb94ef92fe056C2f2A7,,7332.744896,,"earnings,finance,hide-from-new"
647818,khc-quarterly-earnings-nongaap-eps-10-29-2025-0pt58,Will Kraft Heinz (KHC) beat quarterly earnings?,2025-10-29T13:00:00Z,https://seekingalpha.com/,Yes,True,True,False,True,0x65070BE91477460D8A7AeEb94ef92fe056C2f2A7,,4563.47383,,"earnings,finance,hide-from-new"
648224,way-quarterly-earnings-nongaap-eps-10-29-2025-0pt35,Will Waystar Holding (WAY) beat quarterly earnings?,2025-10-29T21:00:00Z,https://seekingalpha.com/,Yes,True,True,False,True,0x65070BE91477460D8A7AeEb94ef92fe056C2f2A7,,3958.15968,,"earnings,hide-from-new,finance"
647510,cmg-quarterly-earnings-nongaap-eps-10-29-2025-0pt29,Will Chipotle Mexican Grill (CMG) beat quarterly earnings?,2025-10-29T21:00:00Z,https://seekingalpha.com/,No,True,True,False,True,0x65070BE91477460D8A7AeEb94ef92fe056C2f2A7,,9571.44121,,"earnings,finance,hide-from-new"
647508,cvna-quarterly-earnings-gaap-eps-10-29-2025-1pt27,Will Carvana (CVNA) beat quarterly earnings?,2025-10-29T21:00:00Z,https://seekingalpha.com/,No,True,True,False,True,0x65070BE91477460D8A7AeEb94ef92fe056C2f2A7,,19249.326449,,"earnings,hide-from-new,finance"
642130,googl-quarterly-earnings-gaap-eps-10-29-2025-2pt29,Will Alphabet (GOOGL) beat quarterly earnings?,2025-10-29T21:00:00Z,https://seekingalpha.com/,Yes,True,True,False,True,0x65070BE91477460D8A7AeEb94ef92fe056C2f2A7,,140820.696219,,"economy,earnings,hide-from-new"
643045,sbux-quarterly-earnings-gaap-eps-10-29-2025-0pt51,Will Starbucks (SBUX) beat quarterly earnings?,2025-10-29T21:00:00Z,https://seekingalpha.com/,No,True,True,False,True,0x65070BE91477460D8A7AeEb94ef92fe056C2f2A7,,24103.566097,,"earnings,economy,hide-from-new"
642124,tdoc-quarterly-earnings-gaap-eps-10-29-2025-neg0pt26,Will Teladoc Health (TDOC) beat quarterly earnings?,2025-10-29T21:00:00Z,https://seekingalpha.com/,No,True,True,False,True,0x65070BE91477460D8A7AeEb94ef92fe056C2f2A7,,12325.717658,,"earnings,economy,hide-from-new"
643054,msft-quarterly-earnings-gaap-eps-10-29-2025-3pt66,Will Microsoft (MSFT) beat quarterly earnings?,2025-10-29T21:00:00Z,https://seekingalpha.com/,Yes,True,True,False,True,0x65070BE91477460D8A7AeEb94ef92fe056C2f2A7,,46480.381425,,"earnings,economy,hide-from-new"
647811,ebay-quarterly-earnings-nongaap-eps-10-29-2025-1pt33,Will eBay (EBAY) beat quarterly earnings?,2025-10-29T21:00:00Z,https://seekingalpha.com/,Yes,True,True,False,True,0x65070BE91477460D8A7AeEb94ef92fe056C2f2A7,,17348.780978,,"earnings,finance,hide-from-new"
647822,mgm-quarterly-earnings-nongaap-eps-10-29-2025-0pt3,Will MGM Resorts International (MGM) beat quarterly earnings?,2025-10-29T21:00:00Z,https://seekingalpha.com/,No,True,True,False,True,0x65070BE91477460D8A7AeEb94ef92fe056C2f2A7,,7358.979187,,"finance,earnings,hide-from-new"
647819,meta-quarterly-earnings-gaap-eps-10-29-2025-6pt72,Will Meta Platforms (META) beat quarterly earnings?,2025-10-29T21:00:00Z,https://seekingalpha.com/,No,True,True,False,True,0x65070BE91477460D8A7AeEb94ef92fe056C2f2A7,,39904.21982,,"earnings,hide-from-new,finance"
647968,hgv-quarterly-earnings-nongaap-eps-10-30-2025-0pt97,Will Hilton Grand Vacations (HGV) beat quarterly earnings?,2025-10-30T13:00:00Z,https://seekingalpha.com/,No,True,True,False,True,0x65070BE91477460D8A7AeEb94ef92fe056C2f2A7,,5129.147714,,"earnings,hide-from-new,finance"
648017,spgi-quarterly-earnings-nongaap-eps-10-30-2025-4pt41,Will S&P Global (SPGI) beat quarterly earnings?,2025-10-30T13:00:00Z,https://seekingalpha.com/,Yes,True,True,False,True,0x65070BE91477460D8A7AeEb94ef92fe056C2f2A7,,10852.558411,,"hide-from-new,finance,earnings"
627672,amp-quarterly-earnings-nongaap-eps-10-30-2025-9pt68,Will Ameriprise Financial (AMP) beat quarterly earnings?,2025-10-30T13:00:00Z,https://seekingalpha.com/,Yes,True,True,False,True,0x65070BE91477460D8A7AeEb94ef92fe056C2f2A7,,65435.826552,,"earnings,economy,finance"
648033,shak-quarterly-earnings-nongaap-eps-10-30-2025-0pt31,Will Shake Shack (SHAK) beat quarterly earnings?,2025-10-30T13:00:00Z,https://seekingalpha.com/,Yes,True,True,False,True,0x65070BE91477460D8A7AeEb94ef92fe056C2f2A7,,12513.974061,,"earnings,finance,hide-from-new"
647871,lly-quarterly-earnings-nongaap-eps-10-30-2025-5pt92,Will Eli Lilly and Company (LLY) beat quarterly earnings?,2025-10-30T13:00:00Z,https://seekingalpha.com/,Yes,True,True,False,True,0x65070BE91477460D8A7AeEb94ef92fe056C2f2A7,,14055.315693,,"earnings,hide-from-new,finance"
647888,el-quarterly-earnings-nongaap-eps-10-30-2025-0pt17,Will Estée Lauder Companies (EL) beat quarterly earnings?,2025-10-30T13:00:00Z,https://seekingalpha.com/,Yes,True,True,False,True,0x65070BE91477460D8A7AeEb94ef92fe056C2f2A7,,14093.487426,,"earnings,finance,hide-from-new"
647937,ice-quarterly-earnings-nongaap-eps-10-30-2025-1pt61,Will Intercontinental Exchange (ICE) beat quarterly earnings?,2025-10-30T13:00:00Z,https://seekingalpha.com/,Yes,True,True,False,True,0x65070BE91477460D8A7AeEb94ef92fe056C2f2A7,,7998.207119,,"hide-from-new,earnings,finance"
647938,ma-quarterly-earnings-nongaap-eps-10-30-2025-4pt31,Will Mastercard (MA) beat quarterly earnings?,2025-10-30T13:00:00Z,https://seekingalpha.com/,Yes,True,True,False,True,0x65070BE91477460D8A7AeEb94ef92fe056C2f2A7,,30096.744216,,"earnings,finance,hide-from-new"
647962,rblx-quarterly-earnings-gaap-eps-10-30-2025-neg0pt51,Will Roblox (RBLX) beat quarterly earnings?,2025-10-30T13:00:00Z,https://seekingalpha.com/,Yes,True,True,False,True,0x65070BE91477460D8A7AeEb94ef92fe056C2f2A7,,21466.192848,,"finance,earnings,hide-from-new"
647852,bud-quarterly-earnings-nongaap-eps-10-30-2025-0pt95,Will Anheuser-Busch (BUD) beat quarterly earnings?,2025-10-30T13:00:00Z,https://seekingalpha.com/,Yes,True,True,False,True,0x65070BE91477460D8A7AeEb94ef92fe056C2f2A7,,18649.109021,,"earnings,hide-from-new,finance"
648217,tw-quarterly-earnings-nongaap-eps-10-30-2025-0pt83,Will Tradeweb Markets (TW) beat quarterly earnings?,2025-10-30T13:00:00Z,https://seekingalpha.com/,Yes,True,True,False,True,0x65070BE91477460D8A7AeEb94ef92fe056C2f2A7,,8155.112423,,"earnings,hide-from-new,finance"
648377,foxa-quarterly-earnings-nongaap-eps-10-30-2025-1pt1,Will Fox (FOXA) beat quarterly earnings?,2025-10-30T13:00:00Z,https://seekingalpha.com/,Yes,True,True,False,True,0x65070BE91477460D8A7AeEb94ef92fe056C2f2A7,,10531.584012,,"earnings,finance,hide-from-new"
642131,amzn-quarterly-earnings-gaap-eps-10-30-2025-1pt56,Will Amazon.com (AMZN) beat quarterly earnings?,2025-10-30T21:00:00Z,https://seekingalpha.com/,Yes,True,True,False,True,0x65070BE91477460D8A7AeEb94ef92fe056C2f2A7,,63823.611551,,"economy,earnings,hide-from-new"
648379,rddt-quarterly-earnings-gaap-eps-10-30-2025-0pt51,Will Reddit (RDDT) beat quarterly earnings?,2025-10-30T21:00:00Z,https://seekingalpha.com/,Yes,True,True,False,True,0x65070BE91477460D8A7AeEb94ef92fe056C2f2A7,,21766.75865,,"earnings,finance,hide-from-new"
648382,mstr-quarterly-earnings-gaap-eps-10-30-2025-9pt67,Will Strategy (MSTR) beat quarterly earnings?,2025-10-30T21:00:00Z,https://seekingalpha.com/,No,True,True,False,True,0x65070BE91477460D8A7AeEb94ef92fe056C2f2A7,,49451.633401,,"stocks,earnings,hide-from-new,finance"
647966,roku-quarterly-earnings-gaap-eps-10-30-2025-0pt08,Will Roku (ROKU) beat quarterly earnings?,2025-10-30T21:00:00Z,https://seekingalpha.com/,Yes,True,True,False,True,0x65070BE91477460D8A7AeEb94ef92fe056C2f2A7,,10731.74446,,"earnings,hide-from-new,finance"
647853,aapl-quarterly-earnings-gaap-eps-10-30-2025-1pt76,Will Apple (AAPL) beat quarterly earnings?,2025-10-30T21:00:00Z,https://seekingalpha.com/,Yes,True,True,False,True,0x65070BE91477460D8A7AeEb94ef92fe056C2f2A7,,90394.750561,,"earnings,finance,hide-from-new"
613046,xom-quarterly-earnings-nongaap-eps-2025-10-31-1pt75,Will Exxon Mobil (XOM) beat quarterly earnings?,2025-10-31T00:00:00Z,,Yes,True,True,False,True,0x65070BE91477460D8A7AeEb94ef92fe056C2f2A7,,74422.781346,,"earnings,economy,finance"
648240,cvx-quarterly-earnings-nongaap-eps-10-31-2025-1pt7,Will Chevron (CVX) beat quarterly earnings?,2025-10-31T13:00:00Z,https://seekingalpha.com/,Yes,True,True,False,True,0x65070BE91477460D8A7AeEb94ef92fe056C2f2A7,,19290.997294,,"earnings,hide-from-new,finance"
648376,cl-quarterly-earnings-nongaap-eps-10-31-2025-0pt89,Will Colgate-Palmolive (CL) beat quarterly earnings?,2025-10-31T13:00:00Z,https://seekingalpha.com/,Yes,True,True,False,True,0x65070BE91477460D8A7AeEb94ef92fe056C2f2A7,,11490.365127,,"earnings,finance,hide-from-new"
648228,cboe-quarterly-earnings-nongaap-eps-10-31-2025-2pt53,Will Cboe Global Markets (CBOE) beat quarterly earnings?,2025-10-31T13:00:00Z,https://seekingalpha.com/,Yes,True,True,False,True,0x65070BE91477460D8A7AeEb94ef92fe056C2f2A7,,35983.096196,,"finance,earnings,hide-from-new"
652568,hesm-quarterly-earnings-gaap-eps-11-03-2025-0pt69,Will Hess Midstream (HESM) beat quarterly earnings?,2025-11-03T14:00:00Z,https://seekingalpha.com/,Yes,True,True,False,True,0x65070BE91477460D8A7AeEb94ef92fe056C2f2A7,,16892.847501,,"earnings,finance,hide-from-new"
652512,ares-quarterly-earnings-nongaap-eps-11-03-2025-1pt14,Will Ares Management (ARES) beat quarterly earnings?,2025-11-03T14:00:00Z,https://seekingalpha.com/,Yes,True,True,False,True,0x65070BE91477460D8A7AeEb94ef92fe056C2f2A7,,16946.424977,,"finance,hide-from-new,earnings"
643018,iart-quarterly-earnings-nongaap-eps-11-03-2025-0pt43,Will Integra LifeSciences Holdings (IART) beat quarterly earnings?,2025-11-03T14:00:00Z,https://seekingalpha.com/,Yes,True,True,False,True,0x65070BE91477460D8A7AeEb94ef92fe056C2f2A7,,4075.731249,,"earnings,economy,hide-from-new"
652509,wmb-quarterly-earnings-nongaap-eps-11-03-2025-0pt52,Will Williams Companies (WMB) beat quarterly earnings?,2025-11-03T22:00:00Z,https://seekingalpha.com/,No,True,True,False,True,0x65070BE91477460D8A7AeEb94ef92fe056C2f2A7,,9523.625596,,"earnings,hide-from-new,finance"
652566,grab-quarterly-earnings-gaap-eps-11-03-2025-0pt01,Will Grab Holdings (GRAB) beat quarterly earnings?,2025-11-03T22:00:00Z,https://seekingalpha.com/,No,True,True,False,True,0x65070BE91477460D8A7AeEb94ef92fe056C2f2A7,,17805.769449,,"earnings,hide-from-new,finance"
656735,cbt-quarterly-earnings-nongaap-eps-11-03-2025-1pt68,Will Cabot (CBT) beat quarterly earnings?,2025-11-03T22:00:00Z,https://seekingalpha.com/,Yes,True,True,False,True,0x65070BE91477460D8A7AeEb94ef92fe056C2f2A7,,4360.849684,,"hide-from-new,finance,earnings"
652567,hims-quarterly-earnings-gaap-eps-11-03-2025-0pt1,Will Hims & Hers Health (HIMS) beat quarterly earnings?,2025-11-03T22:00:00Z,https://seekingalpha.com/,No,True,True,False,True,0x65070BE91477460D8A7AeEb94ef92fe056C2f2A7,,35218.618643,,"earnings,hide-from-new,finance"
647869,coin-quarterly-earnings-gaap-eps-11-03-2025-1pt18,Will Coinbase Global (COIN) beat quarterly earnings?,2025-11-03T22:00:00Z,https://seekingalpha.com/,Yes,True,True,False,True,0x65070BE91477460D8A7AeEb94ef92fe056C2f2A7,,33988.119127,,"earnings,hide-from-new,finance"
658859,gt-quarterly-earnings-nongaap-eps-11-03-2025-0pt16,Will Goodyear Tire & Rubber (GT) beat quarterly earnings?,2025-11-03T22:00:00Z,https://seekingalpha.com/,Yes,True,True,False,True,0x65070BE91477460D8A7AeEb94ef92fe056C2f2A7,,9762.898791,,"finance,hide-from-new,earnings"
642129,gtm-quarterly-earnings-nongaap-eps-11-03-2025-0pt26,Will ZoomInfo Technologies (GTM) beat quarterly earnings?,2025-11-03T22:00:00Z,https://seekingalpha.com/,Yes,True,True,False,True,0x65070BE91477460D8A7AeEb94ef92fe056C2f2A7,,8451.704302,,"earnings,economy,hide-from-new"
652465,pltr-quarterly-earnings-nongaap-eps-11-03-2025-0pt17,Will Palantir Technologies (PLTR) beat quarterly earnings?,2025-11-03T22:00:00Z,https://seekingalpha.com/,Yes,True,True,False,True,0x65070BE91477460D8A7AeEb94ef92fe056C2f2A7,,70254.722923,,"earnings,finance,hide-from-new"
647860,clx-quarterly-earnings-nongaap-eps-11-03-2025-0pt79,Will Clorox (CLX) beat quarterly earnings?,2025-11-03T22:00:00Z,https://seekingalpha.com/,Yes,True,True,False,True,0x65070BE91477460D8A7AeEb94ef92fe056C2f2A7,,12625.799229,,"earnings,finance,hide-from-new"
637875,hog-quarterly-earnings-gaap-eps-11-4-2025-1pt7,Will Harley-Davidson (HOG) beat quarterly earnings?,2025-11-04T13:00:00Z,https://seekingalpha.com/,Yes,True,True,False,True,0x65070BE91477460D8A7AeEb94ef92fe056C2f2A7,,39369.678507,,"earnings,economy,hide-from-new"
656817,wing-quarterly-earnings-gaap-eps-11-04-2025-0pt91,Will Wingstop (WING) beat quarterly earnings?,2025-11-04T14:00:00Z,https://seekingalpha.com/,Yes,True,True,False,True,0x65070BE91477460D8A7AeEb94ef92fe056C2f2A7,,11688.730756,,"hide-from-new,earnings,finance"
656746,pfe-quarterly-earnings-gaap-eps-11-04-2025-0pt64,Will Pfizer (PFE) beat quarterly earnings?,2025-11-04T14:00:00Z,https://seekingalpha.com/,No,True,True,False,True,0x65070BE91477460D8A7AeEb94ef92fe056C2f2A7,,55053.317506,,"earnings,finance,hide-from-new"
656755,mar-quarterly-earnings-nongaap-eps-11-04-2025-2pt39,Will Marriott International (MAR) beat quarterly earnings?,2025-11-04T14:00:00Z,https://seekingalpha.com/,Yes,True,True,False,True,0x65070BE91477460D8A7AeEb94ef92fe056C2f2A7,,9933.662961,,"earnings,hide-from-new,finance"
656760,apo-quarterly-earnings-nongaap-eps-11-04-2025-1pt9,Will Apollo Global Management (APO) beat quarterly earnings?,2025-11-04T14:00:00Z,https://seekingalpha.com/,Yes,True,True,False,True,0x65070BE91477460D8A7AeEb94ef92fe056C2f2A7,,17530.312182,,"earnings,finance,hide-from-new"
656782,pjt-quarterly-earnings-nongaap-eps-11-04-2025-1pt4,Will PJT Partners (PJT) beat quarterly earnings?,2025-11-04T14:00:00Z,https://seekingalpha.com/,Yes,True,True,False,True,0x65070BE91477460D8A7AeEb94ef92fe056C2f2A7,,7692.502087,,"hide-from-new,earnings,finance"
656783,htz-quarterly-earnings-nongaap-eps-11-04-2025-0pt07,Will Hertz Global Holdings (HTZ) beat quarterly earnings?,2025-11-04T14:00:00Z,https://seekingalpha.com/,Yes,True,True,False,True,0x65070BE91477460D8A7AeEb94ef92fe056C2f2A7,,10095.170968,,"finance,earnings,hide-from-new"
657454,shop-quarterly-earnings-gaap-eps-11-04-2025-0pt25,Will Shopify (SHOP) beat quarterly earnings?,2025-11-04T14:00:00Z,https://seekingalpha.com/,No,True,True,False,True,0x65070BE91477460D8A7AeEb94ef92fe056C2f2A7,,27982.267873,,"earnings,hide-from-new,finance"
656819,mpc-quarterly-earnings-gaap-eps-11-04-2025-3pt17,Will Marathon Petroleum (MPC) beat quarterly earnings?,2025-11-04T14:00:00Z,https://seekingalpha.com/,Yes,True,True,False,True,0x65070BE91477460D8A7AeEb94ef92fe056C2f2A7,,13268.821201,,"hide-from-new,earnings,finance"
643037,sstk-quarterly-earnings-nongaap-eps-11-04-2025-1pt15,Will Shutterstock (SSTK) beat quarterly earnings?,2025-11-04T14:00:00Z,https://seekingalpha.com/,No,True,True,False,True,0x65070BE91477460D8A7AeEb94ef92fe056C2f2A7,,7956.232878,,"earnings,economy,hide-from-new"
643047,uber-quarterly-earnings-gaap-eps-11-04-2025-0pt69,Will Uber Technologies (UBER) beat quarterly earnings?,2025-11-04T14:00:00Z,https://seekingalpha.com/,Yes,True,True,False,True,0x65070BE91477460D8A7AeEb94ef92fe056C2f2A7,,32246.558102,,"earnings,economy,hide-from-new"
657435,rivn-quarterly-earnings-gaap-eps-11-04-2025-neg0pt86,Will Rivian Automotive (RIVN) beat quarterly earnings?,2025-11-04T22:00:00Z,https://seekingalpha.com/,No,True,True,False,True,0x65070BE91477460D8A7AeEb94ef92fe056C2f2A7,,12842.033515,,"hide-from-new,earnings,finance"
656730,tost-quarterly-earnings-gaap-eps-11-04-2025-0pt12,Will Toast (TOST) beat quarterly earnings?,2025-11-04T22:00:00Z,https://seekingalpha.com/,Yes,True,True,False,True,0x65070BE91477460D8A7AeEb94ef92fe056C2f2A7,,9550.118505,,"earnings,hide-from-new,finance"
657086,crsp-quarterly-earnings-gaap-eps-11-04-2025-neg1pt24,Will CRISPR Therapeutics (CRSP) beat quarterly earnings?,2025-11-04T22:00:00Z,https://seekingalpha.com/,Yes,True,True,False,True,0x65070BE91477460D8A7AeEb94ef92fe056C2f2A7,,11810.2227,,"hide-from-new,earnings,finance"
657445,amd-quarterly-earnings-nongaap-eps-11-04-2025-1pt17,Will Advanced Micro Devices (AMD) beat quarterly earnings?,2025-11-04T22:00:00Z,https://seekingalpha.com/,Yes,True,True,False,True,0x65070BE91477460D8A7AeEb94ef92fe056C2f2A7,,41628.045143,,"earnings,hide-from-new,finance"
655224,bynd-quarterly-earnings-gaap-eps-11-04-2025-neg0pt48,Will Beyond Meat (BYND) beat quarterly earnings?,2025-11-04T22:00:00Z,https://seekingalpha.com/,No,True,True,False,True,0x65070BE91477460D8A7AeEb94ef92fe056C2f2A7,,16592.38117,,"earnings,hide-from-new,finance"
656831,pins-quarterly-earnings-nongaap-eps-11-04-2025-0pt42,Will Pinterest (PINS) beat quarterly earnings?,2025-11-04T22:00:00Z,https://seekingalpha.com/,No,True,True,False,True,0x65070BE91477460D8A7AeEb94ef92fe056C2f2A7,,6550.128247,,"finance,hide-from-new,earnings"
656761,lyv-quarterly-earnings-gaap-eps-11-04-2025-1pt53,Will Live Nation Entertainment (LYV) beat quarterly earnings?,2025-11-04T22:00:00Z,https://seekingalpha.com/,No,True,True,False,True,0x65070BE91477460D8A7AeEb94ef92fe056C2f2A7,,6186.02997,,"earnings,hide-from-new,finance"
657371,cgbd-quarterly-earnings-gaap-eps-11-04-2025-0pt39,Will Carlyle Secured Lending (CGBD) beat quarterly earnings?,2025-11-04T22:00:00Z,https://seekingalpha.com/,No,True,True,False,True,0x65070BE91477460D8A7AeEb94ef92fe056C2f2A7,,3680.877756,,"earnings,finance,hide-from-new"
656723,hnge-quarterly-earnings-gaap-eps-11-04-2025-neg0pt21,Will Hinge Health (HNGE) beat quarterly earnings?,2025-11-04T22:00:00Z,https://seekingalpha.com/,Yes,True,True,False,True,0x65070BE91477460D8A7AeEb94ef92fe056C2f2A7,,5749.10451,,"earnings,hide-from-new,finance"
652577,crl-quarterly-earnings-nongaap-eps-11-05-2025-2pt34,Will Charles River Laboratories (CRL) beat quarterly earnings?,2025-11-05T14:00:00Z,https://seekingalpha.com/,Yes,True,True,False,True,0x65070BE91477460D8A7AeEb94ef92fe056C2f2A7,,15319.849586,,"earnings,finance,hide-from-new"
655260,mcd-quarterly-earnings-nongaap-eps-11-05-2025-3pt33,Will McDonald’s (MCD) beat quarterly earnings?,2025-11-05T14:00:00Z,https://seekingalpha.com/,No,True,True,False,True,0x65070BE91477460D8A7AeEb94ef92fe056C2f2A7,,62858.353165,,"earnings,finance,hide-from-new"
655450,hum-quarterly-earnings-nongaap-eps-11-05-2025-2pt92,Will Humana (HUM) beat quarterly earnings?,2025-11-05T14:00:00Z,https://seekingalpha.com/,Yes,True,True,False,True,0x65070BE91477460D8A7AeEb94ef92fe056C2f2A7,,11692.555323,,"hide-from-new,earnings,finance"
655449,fis-quarterly-earnings-nongaap-eps-11-05-2025-1pt48,Will Fidelity National Information Services (FIS) beat quarterly earnings?,2025-11-05T14:00:00Z,https://seekingalpha.com/,Yes,True,True,False,True,0x65070BE91477460D8A7AeEb94ef92fe056C2f2A7,,9730.282601,,"earnings,finance,hide-from-new"
652657,ftdr-quarterly-earnings-nongaap-eps-11-05-2025-1pt51,Will Frontdoor (FTDR) beat quarterly earnings?,2025-11-05T14:00:00Z,https://seekingalpha.com/,Yes,True,True,False,True,0x65070BE91477460D8A7AeEb94ef92fe056C2f2A7,,17658.515086,,"earnings,finance,hide-from-new"
652658,iep-quarterly-earnings-gaap-eps-11-05-2025-0pt14,Will Icahn Enterprises (IEP) beat quarterly earnings?,2025-11-05T14:00:00Z,https://seekingalpha.com/,Yes,True,True,False,True,0x65070BE91477460D8A7AeEb94ef92fe056C2f2A7,,20110.133015,,"earnings,hide-from-new,finance"
652652,sun-quarterly-earnings-gaap-eps-11-05-2025-1pt37,Will Sunoco (SUN) beat quarterly earnings?,2025-11-05T14:00:00Z,https://seekingalpha.com/,No,True,True,False,True,0x65070BE91477460D8A7AeEb94ef92fe056C2f2A7,,8538.084354,,"earnings,finance,hide-from-new"
656785,sono-quarterly-earnings-nongaap-eps-11-05-2025-0pt05,Will Sonos (SONO) beat quarterly earnings?,2025-11-05T14:00:00Z,https://seekingalpha.com/,No,True,True,False,True,0x65070BE91477460D8A7AeEb94ef92fe056C2f2A7,,15038.693599,,"hide-from-new,finance,earnings"
652605,nyt-quarterly-earnings-nongaap-eps-11-05-2025-0pt53,Will New York Times (NYT) beat quarterly earnings?,2025-11-05T14:00:00Z,https://seekingalpha.com/,Yes,True,True,False,True,0x65070BE91477460D8A7AeEb94ef92fe056C2f2A7,,23683.956841,,"earnings,hide-from-new,finance"
655388,arm-quarterly-earnings-nongaap-eps-11-05-2025-0pt33,Will Arm Holdings (ARM) beat quarterly earnings?,2025-11-05T22:00:00Z,https://seekingalpha.com/,Yes,True,True,False,True,0x65070BE91477460D8A7AeEb94ef92fe056C2f2A7,,12897.383722,,"earnings,finance,hide-from-new"
655460,hubs-quarterly-earnings-nongaap-eps-11-05-2025-2pt59,Will HubSpot (HUBS) beat quarterly earnings?,2025-11-05T22:00:00Z,https://seekingalpha.com/,Yes,True,True,False,True,0x65070BE91477460D8A7AeEb94ef92fe056C2f2A7,,5220.919759,,"hide-from-new,earnings,finance"
655448,tko-quarterly-earnings-gaap-eps-11-05-2025-0pt52,Will TKO Group Holdings (TKO) beat quarterly earnings?,2025-11-05T22:00:00Z,https://seekingalpha.com/,No,True,True,False,True,0x65070BE91477460D8A7AeEb94ef92fe056C2f2A7,,21755.724732,,"hide-from-new,earnings,finance"
658909,amc-quarterly-earnings-nongaap-eps-11-05-2025-neg0pt22,Will AMC Entertainment Holdings (AMC) beat quarterly earnings?,2025-11-05T22:00:00Z,https://seekingalpha.com/,Yes,True,True,False,True,0x65070BE91477460D8A7AeEb94ef92fe056C2f2A7,,3161.523883,,"finance,earnings,hide-from-new"
647504,all-quarterly-earnings-nongaap-eps-11-05-2025-7pt51,Will Allstate (ALL) beat quarterly earnings?,2025-11-05T22:00:00Z,https://seekingalpha.com/,Yes,True,True,False,True,0x65070BE91477460D8A7AeEb94ef92fe056C2f2A7,,6233.179494,,"earnings,hide-from-new,finance"
655451,ato-quarterly-earnings-gaap-eps-11-05-2025-0pt97,Will Atmos Energy (ATO) beat quarterly earnings?,2025-11-05T22:00:00Z,https://seekingalpha.com/,Yes,True,True,False,True,0x65070BE91477460D8A7AeEb94ef92fe056C2f2A7,,4049.676631,,"finance,hide-from-new,earnings"
655400,hood-quarterly-earnings-gaap-eps-11-05-2025-0pt54,Will Robinhood Markets (HOOD) beat quarterly earnings?,2025-11-05T22:00:00Z,https://seekingalpha.com/,Yes,True,True,False,True,0x65070BE91477460D8A7AeEb94ef92fe056C2f2A7,,131520.235041,,"hide-from-new,earnings,finance"
655266,app-quarterly-earnings-gaap-eps-11-05-2025-2pt39,Will AppLovin (APP) beat quarterly earnings?,2025-11-05T22:00:00Z,https://seekingalpha.com/,Yes,True,True,False,True,0x65070BE91477460D8A7AeEb94ef92fe056C2f2A7,,19358.929804,,"hide-from-new,earnings,finance"
656791,ampl-quarterly-earnings-nongaap-eps-11-05-2025-0pt01,Will Amplitude (AMPL) beat quarterly earnings?,2025-11-05T22:00:00Z,https://seekingalpha.com/,Yes,True,True,False,True,0x65070BE91477460D8A7AeEb94ef92fe056C2f2A7,,9199.635582,,"finance,earnings,hide-from-new"
656792,bmbl-quarterly-earnings-gaap-eps-11-05-2025-0pt33,Will Bumble (BMBL) beat quarterly earnings?,2025-11-05T22:00:00Z,https://seekingalpha.com/,No,True,True,False,True,0x65070BE91477460D8A7AeEb94ef92fe056C2f2A7,,4268.358176,,"earnings,hide-from-new,finance"
656808,fig-quarterly-earnings-gaap-eps-11-05-2025-neg2pt08,Will Figma (FIG) beat quarterly earnings?,2025-11-05T22:00:00Z,https://seekingalpha.com/,No,True,True,False,True,0x65070BE91477460D8A7AeEb94ef92fe056C2f2A7,,8626.62797,,"earnings,finance,hide-from-new"
653003,frge-quarterly-earnings-gaap-eps-11-05-2025-neg1pt09,Will Forge Global Holdings (FRGE) beat quarterly earnings?,2025-11-05T22:00:00Z,https://seekingalpha.com/,No,True,True,False,True,0x65070BE91477460D8A7AeEb94ef92fe056C2f2A7,,4124.174032,,"earnings,hide-from-new,finance"
655399,qcom-quarterly-earnings-nongaap-eps-11-05-2025-2pt86,Will Qualcomm (QCOM) beat quarterly earnings?,2025-11-05T22:00:00Z,https://seekingalpha.com/,Yes,True,True,False,True,0x65070BE91477460D8A7AeEb94ef92fe056C2f2A7,,13220.927333,,"earnings,finance,hide-from-new"
655439,dash-quarterly-earnings-gaap-eps-11-05-2025-0pt68,Will DoorDash (DASH) beat quarterly earnings?,2025-11-05T22:00:00Z,https://seekingalpha.com/,No,True,True,False,True,0x65070BE91477460D8A7AeEb94ef92fe056C2f2A7,,47815.505411,,"earnings,finance,hide-from-new"
652823,fsk-quarterly-earnings-gaap-eps-11-05-2025-0pt58,Will FS KKR Capital (FSK) beat quarterly earnings?,2025-11-05T22:00:00Z,https://seekingalpha.com/,Yes,True,True,False,True,0x65070BE91477460D8A7AeEb94ef92fe056C2f2A7,,14904.189142,,"finance,earnings,hide-from-new"
655443,met-quarterly-earnings-nongaap-eps-11-05-2025-2pt32,Will MetLife (MET) beat quarterly earnings?,2025-11-05T22:00:00Z,https://seekingalpha.com/,Yes,True,True,False,True,0x65070BE91477460D8A7AeEb94ef92fe056C2f2A7,,3647.80269,,"earnings,finance,hide-from-new"
652651,chym-quarterly-earnings-gaap-eps-11-05-2025-neg0pt24,Will Chime Financial (CHYM) beat quarterly earnings?,2025-11-05T22:00:00Z,https://seekingalpha.com/,Yes,True,True,False,True,0x65070BE91477460D8A7AeEb94ef92fe056C2f2A7,,2639.245405,,"earnings,hide-from-new,finance"
652646,lyft-quarterly-earnings-gaap-eps-11-05-2025-0pt07,Will Lyft (LYFT) beat quarterly earnings?,2025-11-05T22:00:00Z,https://seekingalpha.com/,Yes,True,True,False,True,0x65070BE91477460D8A7AeEb94ef92fe056C2f2A7,,8350.887853,,"earnings,hide-from-new,finance"
642138,bgc-quarterly-earnings-nongaap-eps-11-06-2025-0pt28,Will BGC Group (BGC) beat quarterly earnings?,2025-11-06T14:00:00Z,https://seekingalpha.com/,Yes,True,True,False,True,0x65070BE91477460D8A7AeEb94ef92fe056C2f2A7,,18429.708293,,"earnings,economy,hide-from-new"
658589,celh-quarterly-earnings-gaap-eps-11-06-2025-0pt26,Will Celsius Holdings (CELH) beat quarterly earnings?,2025-11-06T14:00:00Z,https://seekingalpha.com/,No,True,True,False,True,0x65070BE91477460D8A7AeEb94ef92fe056C2f2A7,,58468.980582,,"earnings,hide-from-new,finance"
657072,h-quarterly-earnings-nongaap-eps-11-06-2025-0pt49,Will Hyatt Hotels (H) beat quarterly earnings?,2025-11-06T14:00:00Z,https://seekingalpha.com/,No,True,True,False,True,0x65070BE91477460D8A7AeEb94ef92fe056C2f2A7,,3173.460259,,"earnings,hide-from-new,finance"
657079,mrna-quarterly-earnings-gaap-eps-11-06-2025-neg2pt18,Will Moderna (MRNA) beat quarterly earnings?,2025-11-06T14:00:00Z,https://seekingalpha.com/,Yes,True,True,False,True,0x65070BE91477460D8A7AeEb94ef92fe056C2f2A7,,6760.015133,,"earnings,finance,hide-from-new"
657018,usfd-quarterly-earnings-nongaap-eps-11-06-2025-1pt03,Will US Foods Holding (USFD) beat quarterly earnings?,2025-11-06T14:00:00Z,https://seekingalpha.com/,Yes,True,True,False,True,0x65070BE91477460D8A7AeEb94ef92fe056C2f2A7,,7213.721704,,"earnings,finance,hide-from-new"
657013,rl-quarterly-earnings-nongaap-eps-11-06-2025-3pt45,Will Ralph Lauren (RL) beat quarterly earnings?,2025-11-06T14:00:00Z,https://seekingalpha.com/,Yes,True,True,False,True,0x65070BE91477460D8A7AeEb94ef92fe056C2f2A7,,10784.136672,,"finance,hide-from-new,earnings"
657005,dd-quarterly-earnings-nongaap-eps-11-06-2025-1pt11,Will DuPont de Nemours (DD) beat quarterly earnings?,2025-11-06T14:00:00Z,https://seekingalpha.com/,No,True,True,False,True,0x65070BE91477460D8A7AeEb94ef92fe056C2f2A7,,10568.869333,,"finance,hide-from-new,earnings"
657003,wbd-quarterly-earnings-gaap-eps-11-06-2025-neg0pt08,Will Warner Bros. Discovery (WBD) beat quarterly earnings?,2025-11-06T14:00:00Z,https://seekingalpha.com/,Yes,True,True,False,True,0x65070BE91477460D8A7AeEb94ef92fe056C2f2A7,,16410.521313,,"earnings,hide-from-new,finance,warner-bros"
656996,ddog-quarterly-earnings-nongaap-eps-11-06-2025-0pt46,Will Datadog (DDOG) beat quarterly earnings?,2025-11-06T14:00:00Z,https://seekingalpha.com/,Yes,True,True,False,True,0x65070BE91477460D8A7AeEb94ef92fe056C2f2A7,,34539.466463,,"earnings,finance,hide-from-new"
656855,cop-quarterly-earnings-nongaap-eps-11-06-2025-1pt41,Will ConocoPhillips (COP) beat quarterly earnings?,2025-11-06T14:00:00Z,https://seekingalpha.com/,Yes,True,True,False,True,0x65070BE91477460D8A7AeEb94ef92fe056C2f2A7,,7834.350755,,"earnings,hide-from-new,finance"
648038,tfx-quarterly-earnings-nongaap-eps-11-06-2025-3pt38,Will Teleflex (TFX) beat quarterly earnings?,2025-11-06T14:00:00Z,https://seekingalpha.com/,Yes,True,True,False,True,0x65070BE91477460D8A7AeEb94ef92fe056C2f2A7,,20359.38248,,"earnings,finance,hide-from-new"
657300,wrby-quarterly-earnings-gaap-eps-11-06-2025-0pt05,Will Warby Parker (WRBY) beat quarterly earnings?,2025-11-06T14:00:00Z,https://seekingalpha.com/,No,True,True,False,True,0x65070BE91477460D8A7AeEb94ef92fe056C2f2A7,,10335.650925,,"hide-from-new,earnings,finance"
658493,pzza-quarterly-earnings-nongaap-eps-11-06-2025-0pt41,Will Papa John’s International (PZZA) beat quarterly earnings?,2025-11-06T14:00:00Z,https://seekingalpha.com/,No,True,True,False,True,0x65070BE91477460D8A7AeEb94ef92fe056C2f2A7,,11276.418105,,"earnings,finance,hide-from-new"
658488,trip-quarterly-earnings-nongaap-eps-11-06-2025-0pt55,Will Tripadvisor (TRIP) beat quarterly earnings?,2025-11-06T14:00:00Z,https://seekingalpha.com/,Yes,True,True,False,True,0x65070BE91477460D8A7AeEb94ef92fe056C2f2A7,,21450.536579,,"earnings,finance,hide-from-new"
658487,uaa-quarterly-earnings-nongaap-eps-11-06-2025-0pt02,Will Under Armour (UAA) beat quarterly earnings?,2025-11-06T14:00:00Z,https://seekingalpha.com/,Yes,True,True,False,True,0x65070BE91477460D8A7AeEb94ef92fe056C2f2A7,,5060.60872,,"hide-from-new,earnings,finance"
658486,yelp-quarterly-earnings-gaap-eps-11-06-2025-0pt53,Will Yelp (YELP) beat quarterly earnings?,2025-11-06T22:00:00Z,https://seekingalpha.com/,Yes,True,True,False,True,0x65070BE91477460D8A7AeEb94ef92fe056C2f2A7,,8373.140564,,"earnings,hide-from-new,finance"
658478,usar-quarterly-earnings-nongaap-eps-11-06-2025-neg0pt07,Will USA Rare Earth (USAR) beat quarterly earnings?,2025-11-06T22:00:00Z,https://seekingalpha.com/,No,True,True,False,True,0x65070BE91477460D8A7AeEb94ef92fe056C2f2A7,,5333.213212,,"hide-from-new,earnings,finance"
657085,os-quarterly-earnings-gaap-eps-11-06-2025-neg0pt14,Will OneStream (OS) beat quarterly earnings?,2025-11-06T22:00:00Z,https://seekingalpha.com/,Yes,True,True,False,True,0x65070BE91477460D8A7AeEb94ef92fe056C2f2A7,,13116.459201,,"finance,hide-from-new,earnings"
658508,eb-quarterly-earnings-gaap-eps-11-06-2025-neg0pt04,Will Eventbrite (EB) beat quarterly earnings?,2025-11-06T22:00:00Z,https://seekingalpha.com/,Yes,True,True,False,True,0x65070BE91477460D8A7AeEb94ef92fe056C2f2A7,,3783.850348,,"earnings,hide-from-new,finance"
657027,dkng-quarterly-earnings-nongaap-eps-11-06-2025-neg0pt25,Will DraftKings (DKNG) beat quarterly earnings?,2025-11-06T22:00:00Z,https://seekingalpha.com/,No,True,True,False,True,0x65070BE91477460D8A7AeEb94ef92fe056C2f2A7,,34995.802616,,"finance,earnings,hide-from-new"
648227,abnb-quarterly-earnings-gaap-eps-11-06-2025-2pt32,Will Airbnb (ABNB) beat quarterly earnings?,2025-11-06T22:00:00Z,https://seekingalpha.com/,No,True,True,False,True,0x65070BE91477460D8A7AeEb94ef92fe056C2f2A7,,21922.878824,,"earnings,finance,hide-from-new"
657295,icui-quarterly-earnings-nongaap-eps-11-06-2025-1pt43,Will ICU Medical (ICUI) beat quarterly earnings?,2025-11-06T22:00:00Z,https://seekingalpha.com/,Yes,True,True,False,True,0x65070BE91477460D8A7AeEb94ef92fe056C2f2A7,,8405.379996,,"earnings,hide-from-new,finance"
657290,pton-quarterly-earnings-gaap-eps-11-06-2025-0,Will Peloton Interactive (PTON) beat quarterly earnings?,2025-11-06T22:00:00Z,https://seekingalpha.com/,Yes,True,True,False,True,0x65070BE91477460D8A7AeEb94ef92fe056C2f2A7,,5317.694975,,"finance,earnings,hide-from-new"
658481,mrx-quarterly-earnings-nongaap-eps-11-06-2025-0pt94,Will Marex Group (MRX) beat quarterly earnings?,2025-11-06T22:00:00Z,https://seekingalpha.com/,Yes,True,True,False,True,0x65070BE91477460D8A7AeEb94ef92fe056C2f2A7,,4495.889884,,"hide-from-new,finance,earnings"
658526,bird-quarterly-earnings-gaap-eps-11-06-2025-neg2pt66,Will Allbirds (BIRD) beat quarterly earnings?,2025-11-06T22:00:00Z,https://seekingalpha.com/,Yes,True,True,False,True,0x65070BE91477460D8A7AeEb94ef92fe056C2f2A7,,7799.572031,,"hide-from-new,earnings,finance"
656874,mnst-quarterly-earnings-gaap-eps-11-06-2025-0pt48,Will Monster Beverage (MNST) beat quarterly earnings?,2025-11-06T22:00:00Z,https://seekingalpha.com/,Yes,True,True,False,True,0x65070BE91477460D8A7AeEb94ef92fe056C2f2A7,,27946.161223,,"hide-from-new,earnings,finance"
657080,dbx-quarterly-earnings-nongaap-eps-11-06-2025-0pt65,Will Dropbox (DBX) beat quarterly earnings?,2025-11-06T22:00:00Z,https://seekingalpha.com/,Yes,True,True,False,True,0x65070BE91477460D8A7AeEb94ef92fe056C2f2A7,,25806.338777,,"finance,hide-from-new,earnings"
658499,gpro-quarterly-earnings-nongaap-eps-11-06-2025-neg0pt04,Will GoPro (GPRO) beat quarterly earnings?,2025-11-06T22:00:00Z,https://seekingalpha.com/,No,True,True,False,True,0x65070BE91477460D8A7AeEb94ef92fe056C2f2A7,,8964.650029,,"earnings,hide-from-new,finance"
657071,fnf-quarterly-earnings-nongaap-eps-11-06-2025-1pt42,Will Fidelity National Financial (FNF) beat quarterly earnings?,2025-11-06T22:00:00Z,https://seekingalpha.com/,Yes,True,True,False,True,0x65070BE91477460D8A7AeEb94ef92fe056C2f2A7,,3456.330055,,"hide-from-new,earnings,finance"
658498,sg-quarterly-earnings-gaap-eps-11-06-2025-neg0pt17,Will Sweetgreen (SG) beat quarterly earnings?,2025-11-06T22:00:00Z,https://seekingalpha.com/,No,True,True,False,True,0x65070BE91477460D8A7AeEb94ef92fe056C2f2A7,,10571.830012,,"finance,earnings,hide-from-new"
657065,nwsa-quarterly-earnings-nongaap-eps-11-06-2025-0pt19,Will News Corp (NWSA) beat quarterly earnings?,2025-11-06T22:00:00Z,https://seekingalpha.com/,Yes,True,True,False,True,0x65070BE91477460D8A7AeEb94ef92fe056C2f2A7,,5755.113866,,"finance,earnings,hide-from-new"
657073,akam-quarterly-earnings-nongaap-eps-11-06-2025-1pt64,Will Akamai Technologies (AKAM) beat quarterly earnings?,2025-11-06T22:00:00Z,https://seekingalpha.com/,Yes,True,True,False,True,0x65070BE91477460D8A7AeEb94ef92fe056C2f2A7,,15622.318359,,"earnings,finance,hide-from-new"
657064,open-quarterly-earnings-gaap-eps-11-06-2025-neg0pt07,Will Opendoor Technologies (OPEN) beat quarterly earnings?,2025-11-06T22:00:00Z,https://seekingalpha.com/,No,True,True,False,True,0x65070BE91477460D8A7AeEb94ef92fe056C2f2A7,,4938.973007,,"earnings,hide-from-new,finance"
657004,ed-quarterly-earnings-nongaap-eps-11-06-2025-1pt75,Will Consolidated Edison (ED) beat quarterly earnings?,2025-11-06T22:00:00Z,https://seekingalpha.com/,Yes,True,True,False,True,0x65070BE91477460D8A7AeEb94ef92fe056C2f2A7,,3023.047212,,"finance,earnings,hide-from-new"
658547,bzfd-quarterly-earnings-gaap-eps-11-06-2025-neg0pt06,Will BuzzFeed (BZFD) beat quarterly earnings?,2025-11-06T22:00:00Z,https://seekingalpha.com/,No,True,True,False,True,0x65070BE91477460D8A7AeEb94ef92fe056C2f2A7,,1336.252219,,"earnings,finance,hide-from-new"
657007,expe-quarterly-earnings-nongaap-eps-11-06-2025-7pt03,Will Expedia Group (EXPE) beat quarterly earnings?,2025-11-06T22:00:00Z,https://seekingalpha.com/,Yes,True,True,False,True,0x65070BE91477460D8A7AeEb94ef92fe056C2f2A7,,5690.550738,,"finance,hide-from-new,earnings"
657012,sndk-quarterly-earnings-nongaap-eps-11-06-2025-0pt88,Will SanDisk (SNDK) beat quarterly earnings?,2025-11-06T22:00:00Z,https://seekingalpha.com/,Yes,True,True,False,True,0x65070BE91477460D8A7AeEb94ef92fe056C2f2A7,,26425.916232,,"earnings,hide-from-new,finance"
658905,wen-quarterly-earnings-nongaap-eps-11-07-2025-0pt2,Will Wendy’s (WEN) beat quarterly earnings?,2025-11-07T14:00:00Z,https://seekingalpha.com/,Yes,True,True,False,True,0x65070BE91477460D8A7AeEb94ef92fe056C2f2A7,,18789.336584,,"earnings,hide-from-new,finance"
658624,mktx-quarterly-earnings-gaap-eps-11-07-2025-1pt68,Will MarketAxess Holdings (MKTX) beat quarterly earnings?,2025-11-07T14:00:00Z,https://seekingalpha.com/,Yes,True,True,False,True,0x65070BE91477460D8A7AeEb94ef92fe056C2f2A7,,18345.98631,,"hide-from-new,finance,earnings"
658619,ben-quarterly-earnings-nongaap-eps-11-07-2025-0pt59,Will Franklin Resources (BEN) beat quarterly earnings?,2025-11-07T14:00:00Z,https://seekingalpha.com/,Yes,True,True,False,True,0x65070BE91477460D8A7AeEb94ef92fe056C2f2A7,,21514.79079,,"earnings,hide-from-new,finance"
658568,kkr-quarterly-earnings-nongaap-eps-11-07-2025-1pt29,Will KKR & Co (KKR) beat quarterly earnings?,2025-11-07T14:00:00Z,https://seekingalpha.com/,Yes,True,True,False,True,0x65070BE91477460D8A7AeEb94ef92fe056C2f2A7,,12921.734793,,"earnings,finance,hide-from-new"
667903,hhh-quarterly-earnings-gaap-eps-11-10-2025-1pt53,Will Howard Hughes Holdings (HHH) beat quarterly earnings?,2025-11-10T14:00:00Z,https://seekingalpha.com/,Yes,True,True,False,True,0x65070BE91477460D8A7AeEb94ef92fe056C2f2A7,,7159.121119,,"earnings,hide-from-new,finance"
667887,tsn-quarterly-earnings-nongaap-eps-11-10-2025-0pt83,Will Tyson Foods (TSN) beat quarterly earnings?,2025-11-10T14:00:00Z,https://seekingalpha.com/,Yes,True,True,False,True,0x65070BE91477460D8A7AeEb94ef92fe056C2f2A7,,17692.167868,,"earnings,finance,hide-from-new"
667902,tsem-quarterly-earnings-gaap-eps-11-10-2025-0pt45,Will Tower Semiconductor (TSEM) beat quarterly earnings?,2025-11-10T14:00:00Z,https://seekingalpha.com/,Yes,True,True,False,True,0x65070BE91477460D8A7AeEb94ef92fe056C2f2A7,,30192.669045,,"earnings,hide-from-new,finance"
667905,etor-quarterly-earnings-gaap-eps-11-10-2025-0pt55,Will eToro Group (ETOR) beat quarterly earnings?,2025-11-10T14:00:00Z,https://seekingalpha.com/,No,True,True,False,True,0x65070BE91477460D8A7AeEb94ef92fe056C2f2A7,,27625.11139,,"earnings,finance,hide-from-new"
667924,bcsf-quarterly-earnings-gaap-eps-11-10-2025-0pt45,Will Bain Capital Specialty Finance (BCSF) beat quarterly earnings?,2025-11-10T22:00:00Z,https://seekingalpha.com/,No,True,True,False,True,0x65070BE91477460D8A7AeEb94ef92fe056C2f2A7,,17157.826271,,"hide-from-new,earnings,finance"
647847,psky-quarterly-earnings-gaap-eps-11-10-2025-0pt35,Will Paramount Group (PSKY) beat quarterly earnings?,2025-11-10T22:00:00Z,https://seekingalpha.com/,No,True,True,False,True,0x65070BE91477460D8A7AeEb94ef92fe056C2f2A7,,59438.663822,,"hide-from-new,finance,earnings"
667915,chgg-quarterly-earnings-nongaap-eps-11-10-2025-neg0pt08,Will Chegg (CHGG) beat quarterly earnings?,2025-11-10T22:00:00Z,https://seekingalpha.com/,Yes,True,True,False,True,0x65070BE91477460D8A7AeEb94ef92fe056C2f2A7,,21861.005934,,"earnings,finance,hide-from-new"
667880,oxy-quarterly-earnings-nongaap-eps-11-10-2025-0pt51,Will Occidental Petroleum (OXY) beat quarterly earnings?,2025-11-10T22:00:00Z,https://seekingalpha.com/,Yes,True,True,False,True,0x65070BE91477460D8A7AeEb94ef92fe056C2f2A7,,21738.19238,,"finance,earnings,hide-from-new"
668448,ihrt-quarterly-earnings-gaap-eps-11-10-2025-neg0pt01,Will iHeartMedia (IHRT) beat quarterly earnings?,2025-11-10T22:00:00Z,https://seekingalpha.com/,No,True,True,False,True,0x65070BE91477460D8A7AeEb94ef92fe056C2f2A7,,14905.804877,,"earnings,hide-from-new,finance"
668446,real-quarterly-earnings-nongaap-eps-11-10-2025-neg0pt06,Will The RealReal (REAL) beat quarterly earnings?,2025-11-10T22:00:00Z,https://seekingalpha.com/,Yes,True,True,False,True,0x65070BE91477460D8A7AeEb94ef92fe056C2f2A7,,20449.054715,,"earnings,hide-from-new,finance"
668447,tbph-quarterly-earnings-gaap-eps-11-10-2025-neg0pt13,Will Theravance Biopharma (TBPH) beat quarterly earnings?,2025-11-10T22:00:00Z,https://seekingalpha.com/,Yes,True,True,False,True,0x65070BE91477460D8A7AeEb94ef92fe056C2f2A7,,10530.68682,,"earnings,hide-from-new,finance"
667914,gety-quarterly-earnings-gaap-eps-11-10-2025-0pt04,Will Getty Images Holdings (GETY) beat quarterly earnings?,2025-11-10T22:00:00Z,https://seekingalpha.com/,Yes,True,True,False,True,0x65070BE91477460D8A7AeEb94ef92fe056C2f2A7,,25854.250299,,"finance,earnings,hide-from-new"
674911,femy-quarterly-earnings-gaap-eps-11-11-2025-neg0pt12,Will Femasys (FEMY) beat quarterly earnings?,2025-11-11T22:00:00Z,https://seekingalpha.com/,Yes,True,True,False,True,0x65070BE91477460D8A7AeEb94ef92fe056C2f2A7,,5958.985218,,"hide-from-new,earnings,finance"
668453,oklo-quarterly-earnings-gaap-eps-11-11-2025-neg0pt12,Will Oklo (OKLO) beat quarterly earnings?,2025-11-11T22:00:00Z,https://seekingalpha.com/,No,True,True,False,True,0x65070BE91477460D8A7AeEb94ef92fe056C2f2A7,,18381.3387,,"finance,earnings,hide-from-new"
668475,pxlw-quarterly-earnings-nongaap-eps-11-11-2025-neg0pt86,Will Pixelworks (PXLW) beat quarterly earnings?,2025-11-11T22:00:00Z,https://seekingalpha.com/,Yes,True,True,False,True,0x65070BE91477460D8A7AeEb94ef92fe056C2f2A7,,25679.56781,,"earnings,finance,hide-from-new"
656803,ewcz-quarterly-earnings-gaap-eps-11-12-2025-0pt04,Will European Wax Center (EWCZ) beat quarterly earnings?,2025-11-12T14:00:00Z,https://seekingalpha.com/,Yes,True,True,False,True,0x65070BE91477460D8A7AeEb94ef92fe056C2f2A7,,24039.05161,,"earnings,finance,hide-from-new"
668460,crcl-quarterly-earnings-gaap-eps-11-12-2025-0pt17,Will Circle Internet Group (CRCL) beat quarterly earnings?,2025-11-12T14:00:00Z,https://seekingalpha.com/,Yes,True,True,False,True,0x65070BE91477460D8A7AeEb94ef92fe056C2f2A7,,66610.940007,,"finance,earnings,hide-from-new"
668496,csco-quarterly-earnings-nongaap-eps-11-12-2025-0pt98,Will Cisco Systems (CSCO) beat quarterly earnings?,2025-11-12T22:00:00Z,https://seekingalpha.com/,Yes,True,True,False,True,0x65070BE91477460D8A7AeEb94ef92fe056C2f2A7,,30270.51089,,"earnings,finance,hide-from-new"
668459,flut-quarterly-earnings-nongaap-eps-11-12-2025-0pt53,Will Flutter Entertainment (FLUT) beat quarterly earnings?,2025-11-12T22:00:00Z,https://seekingalpha.com/,Yes,True,True,False,True,0x65070BE91477460D8A7AeEb94ef92fe056C2f2A7,,20070.875178,,"hide-from-new,earnings,finance"
668465,rum-quarterly-earnings-gaap-eps-11-12-2025-neg0pt06,Will Rumble (RUM) beat quarterly earnings?,2025-11-12T22:00:00Z,https://seekingalpha.com/,No,True,True,False,True,0x65070BE91477460D8A7AeEb94ef92fe056C2f2A7,,16945.288925,,"earnings,finance,hide-from-new"
668474,plby-quarterly-earnings-gaap-eps-11-12-2025-neg0pt02,Will Playboy (PLBY) beat quarterly earnings?,2025-11-12T22:00:00Z,https://seekingalpha.com/,Yes,True,True,False,True,0x65070BE91477460D8A7AeEb94ef92fe056C2f2A7,,13054.090025,,"earnings,finance,hide-from-new"
668515,btm-quarterly-earnings-gaap-eps-11-13-2025-0pt1,Will Bitcoin Depot (BTM) beat quarterly earnings?,2025-11-13T14:00:00Z,https://seekingalpha.com/,No,True,True,False,True,0x65070BE91477460D8A7AeEb94ef92fe056C2f2A7,,17993.28118,,"earnings,finance,hide-from-new"
668512,gamb-quarterly-earnings-nongaap-eps-11-13-2025-0pt16,Will Gambling.com Group (GAMB) beat quarterly earnings?,2025-11-13T14:00:00Z,https://seekingalpha.com/,Yes,True,True,False,True,0x65070BE91477460D8A7AeEb94ef92fe056C2f2A7,,16187.800889,,"earnings,finance,hide-from-new"
668497,dis-quarterly-earnings-nongaap-eps-11-13-2025-1pt02,Will The Walt Disney Company (DIS) beat quarterly earnings?,2025-11-13T14:00:00Z,https://seekingalpha.com/,Yes,True,True,False,True,0x65070BE91477460D8A7AeEb94ef92fe056C2f2A7,,45468.518294,,"earnings,finance,hide-from-new"
668522,deft-quarterly-earnings-gaap-eps-11-13-2025-0pt05,Will DeFi Technologies (DEFT) beat quarterly earnings?,2025-11-13T22:00:00Z,https://seekingalpha.com/,No,True,True,False,True,0x65070BE91477460D8A7AeEb94ef92fe056C2f2A7,,9008.982979,,"hide-from-new,finance,earnings"
668506,amat-quarterly-earnings-nongaap-eps-11-13-2025-2pt1,Will Applied Materials (AMAT) beat quarterly earnings?,2025-11-13T22:00:00Z,https://seekingalpha.com/,Yes,True,True,False,True,0x65070BE91477460D8A7AeEb94ef92fe056C2f2A7,,28200.530007,,"earnings,hide-from-new,finance"
668511,nmax-quarterly-earnings-gaap-eps-11-13-2025-neg0pt07,Will Newsmax (NMAX) beat quarterly earnings?,2025-11-13T22:00:00Z,https://seekingalpha.com/,Yes,True,True,False,True,0x65070BE91477460D8A7AeEb94ef92fe056C2f2A7,,13701.313484,,"earnings,finance,hide-from-new"
668514,spce-quarterly-earnings-gaap-eps-11-13-2025-neg1pt5,Will Virgin Galactic Holdings (SPCE) beat quarterly earnings?,2025-11-13T22:00:00Z,https://seekingalpha.com/,Yes,True,True,False,True,0x65070BE91477460D8A7AeEb94ef92fe056C2f2A7,,27719.642285,,"earnings,hide-from-new,finance"
668521,qubt-quarterly-earnings-gaap-eps-11-14-2025-neg0pt06,Will Quantum Computing (QUBT) beat quarterly earnings?,2025-11-14T22:00:00Z,https://seekingalpha.com/,Yes,True,True,False,True,0x65070BE91477460D8A7AeEb94ef92fe056C2f2A7,,18836.78104,,"finance,hide-from-new,earnings"
675024,as-quarterly-earnings-nongaap-eps-11-18-2025-0pt25,Will Amer Sports (AS) beat quarterly earnings?,2025-11-18T14:00:00Z,https://seekingalpha.com/,Yes,True,True,False,True,0x65070BE91477460D8A7AeEb94ef92fe056C2f2A7,,11372.216792,,"earnings,finance,hide-from-new"
675502,wb-quarterly-earnings-nongaap-eps-11-18-2025-0pt43,Will Weibo (WB) beat quarterly earnings?,2025-11-18T14:00:00Z,https://seekingalpha.com/,No,True,True,False,True,0x65070BE91477460D8A7AeEb94ef92fe056C2f2A7,,12461.620588,,"earnings,hide-from-new,finance"
674912,hd-quarterly-earnings-nongaap-eps-11-18-2025-3pt85,Will Home Depot (HD) beat quarterly earnings?,2025-11-18T14:00:00Z,https://seekingalpha.com/,No,True,True,False,True,0x65070BE91477460D8A7AeEb94ef92fe056C2f2A7,,46598.316583,,"hide-from-new,finance,earnings"
675008,acm-quarterly-earnings-nongaap-eps-11-18-2025-1pt34,Will AECOM (ACM) beat quarterly earnings?,2025-11-18T14:00:00Z,https://seekingalpha.com/,Yes,True,True,False,True,0x65070BE91477460D8A7AeEb94ef92fe056C2f2A7,,20350.032268,,"hide-from-new,earnings,finance"
675503,lzb-quarterly-earnings-nongaap-eps-11-18-2025-0pt54,Will La-Z-Boy (LZB) beat quarterly earnings?,2025-11-18T17:00:00Z,https://seekingalpha.com/,Yes,True,True,False,True,0x65070BE91477460D8A7AeEb94ef92fe056C2f2A7,,5668.618389,,"hide-from-new,finance,earnings"
675495,dlb-quarterly-earnings-nongaap-eps-11-18-2025-0pt71,Will Dolby Laboratories (DLB) beat quarterly earnings?,2025-11-18T22:00:00Z,https://seekingalpha.com/,Yes,True,True,False,True,0x65070BE91477460D8A7AeEb94ef92fe056C2f2A7,,10807.027243,,"earnings,hide-from-new,finance"
675497,powl-quarterly-earnings-gaap-eps-11-18-2025-3pt76,Will Powell Industries (POWL) beat quarterly earnings?,2025-11-18T22:00:00Z,https://seekingalpha.com/,Yes,True,True,False,True,0x65070BE91477460D8A7AeEb94ef92fe056C2f2A7,,13114.177431,,"finance,earnings,hide-from-new"
675507,tgt-quarterly-earnings-nongaap-eps-11-19-2025-1pt73,Will Target (TGT) beat quarterly earnings?,2025-11-19T14:00:00Z,https://seekingalpha.com/,Yes,True,True,False,True,0x65070BE91477460D8A7AeEb94ef92fe056C2f2A7,,18540.498651,,"hide-from-new,earnings,finance"
675506,low-quarterly-earnings-gaap-eps-11-19-2025-2pt98,Will Lowe's Companies (LOW) beat quarterly earnings?,2025-11-19T14:00:00Z,https://seekingalpha.com/,No,True,True,False,True,0x65070BE91477460D8A7AeEb94ef92fe056C2f2A7,,20672.138979,,"earnings,hide-from-new,finance"
675509,dy-quarterly-earnings-gaap-eps-11-19-2025-3pt2,Will Dycom Industries (DY) beat quarterly earnings?,2025-11-19T14:00:00Z,https://seekingalpha.com/,Yes,True,True,False,True,0x65070BE91477460D8A7AeEb94ef92fe056C2f2A7,,6807.0641,,"finance,earnings,hide-from-new"
675510,wix-quarterly-earnings-nongaap-eps-11-19-2025-1pt49,Will Wix.Com (WIX) beat quarterly earnings?,2025-11-19T14:00:00Z,https://seekingalpha.com/,Yes,True,True,False,True,0x65070BE91477460D8A7AeEb94ef92fe056C2f2A7,,25208.232813,,"finance,hide-from-new,earnings"
675508,vik-quarterly-earnings-nongaap-eps-11-19-2025-1pt19,Will Viking Holdings (VIK) beat quarterly earnings?,2025-11-19T14:00:00Z,https://seekingalpha.com/,Yes,True,True,False,True,0x65070BE91477460D8A7AeEb94ef92fe056C2f2A7,,6420.881535,,"earnings,finance,hide-from-new"
674909,wsm-quarterly-earnings-gaap-eps-11-19-2025-1pt86,Will Williams-Sonoma (WSM) beat quarterly earnings?,2025-11-19T14:00:00Z,https://seekingalpha.com/,Yes,True,True,False,True,0x65070BE91477460D8A7AeEb94ef92fe056C2f2A7,,4450.411936,,"earnings,finance,hide-from-new"
675626,blsh-quarterly-earnings-gaap-eps-11-19-2025-1pt59,Will Bullish (BLSH) beat quarterly earnings?,2025-11-19T14:00:00Z,https://seekingalpha.com/,No,True,True,False,True,0x65070BE91477460D8A7AeEb94ef92fe056C2f2A7,,10218.698012,,"earnings,hide-from-new,finance"
675504,nvda-quarterly-earnings-nongaap-eps-11-19-2025-1pt25,Will NVIDIA (NVDA) beat quarterly earnings?,2025-11-19T22:00:00Z,https://seekingalpha.com/,Yes,True,True,False,True,0x65070BE91477460D8A7AeEb94ef92fe056C2f2A7,,995129.929459,,"hide-from-new,finance,earnings"
675505,panw-quarterly-earnings-nongaap-eps-11-19-2025-0pt89,Will Palo Alto Networks (PANW) beat quarterly earnings?,2025-11-19T22:00:00Z,https://seekingalpha.com/,Yes,True,True,False,True,0x65070BE91477460D8A7AeEb94ef92fe056C2f2A7,,20629.215488,,"earnings,hide-from-new,finance"
675511,wmt-quarterly-earnings-nongaap-eps-11-20-2025-0pt6,Will Walmart (WMT) beat quarterly earnings?,2025-11-20T14:00:00Z,https://seekingalpha.com/,Yes,True,True,False,True,0x65070BE91477460D8A7AeEb94ef92fe056C2f2A7,,21740.881601,,"earnings,finance,hide-from-new"
675514,avr-quarterly-earnings-gaap-eps-11-20-2025-neg0pt54,Will Anteris Technologies Global (AVR) beat quarterly earnings?,2025-11-20T14:00:00Z,https://seekingalpha.com/,No,True,True,False,True,0x65070BE91477460D8A7AeEb94ef92fe056C2f2A7,,7729.209815,,"earnings,hide-from-new,finance"
675540,bbwi-quarterly-earnings-nongaap-eps-11-20-2025-0pt4,Will Bath & Body Works (BBWI) beat quarterly earnings?,2025-11-20T14:00:00Z,https://seekingalpha.com/,No,True,True,False,True,0x65070BE91477460D8A7AeEb94ef92fe056C2f2A7,,15238.218938,,"earnings,hide-from-new,finance"
675513,intu-quarterly-earnings-nongaap-eps-11-20-2025-3pt09,Will Intuit (INTU) beat quarterly earnings?,2025-11-20T22:00:00Z,https://seekingalpha.com/,Yes,True,True,False,True,0x65070BE91477460D8A7AeEb94ef92fe056C2f2A7,,17951.619171,,"earnings,hide-from-new,finance"
675520,gap-quarterly-earnings-gaap-eps-11-20-2025-0pt58,Will The Gap (GAP) beat quarterly earnings?,2025-11-20T22:00:00Z,https://seekingalpha.com/,Yes,True,True,False,True,0x65070BE91477460D8A7AeEb94ef92fe056C2f2A7,,27685.769647,,"earnings,finance,hide-from-new"
675612,bj-quarterly-earnings-nongaap-eps-11-21-2025-1pt09,Will BJ's Wholesale Club Holdings (BJ) beat quarterly earnings?,2025-11-21T14:00:00Z,https://seekingalpha.com/,Yes,True,True,False,True,0x65070BE91477460D8A7AeEb94ef92fe056C2f2A7,,19143.824176,,"earnings,hide-from-new,finance"
668520,snex-quarterly-earnings-gaap-eps-11-18-2025-1pt56,Will StoneX Group (SNEX) beat quarterly earnings?,2025-11-24T22:00:00Z,https://seekingalpha.com/,Yes,True,True,False,True,0x65070BE91477460D8A7AeEb94ef92fe056C2f2A7,,46409.815208,,"finance,earnings,hide-from-new"
674910,wwd-quarterly-earnings-gaap-eps-11-24-2025-1pt88,Will Woodward (WWD) beat quarterly earnings?,2025-11-24T22:00:00Z,https://seekingalpha.com/,Yes,True,True,False,True,0x65070BE91477460D8A7AeEb94ef92fe056C2f2A7,,18452.209102,,"earnings,hide-from-new,finance"
675603,zm-quarterly-earnings-nongaap-eps-11-24-2025-1pt44,Will Zoom Communications (ZM) beat quarterly earnings?,2025-11-24T22:00:00Z,https://seekingalpha.com/,Yes,True,True,False,True,0x65070BE91477460D8A7AeEb94ef92fe056C2f2A7,,33631.226414,,"earnings,finance,hide-from-new"
675618,smtc-quarterly-earnings-nongaap-eps-11-24-2025-0pt45,Will Semtech (SMTC) beat quarterly earnings?,2025-11-24T22:00:00Z,https://seekingalpha.com/,Yes,True,True,False,True,0x65070BE91477460D8A7AeEb94ef92fe056C2f2A7,,12817.999296,,"earnings,finance,hide-from-new"
675613,adi-quarterly-earnings-nongaap-eps-11-25-2025-2pt23,Will Analog Devices (ADI) beat quarterly earnings?,2025-11-25T14:00:00Z,https://seekingalpha.com/,Yes,True,True,False,True,0x65070BE91477460D8A7AeEb94ef92fe056C2f2A7,,12172.256887,,"earnings,hide-from-new,finance"
675629,sjm-quarterly-earnings-nongaap-eps-11-25-2025-2pt1,Will The J. M. Smucker (SJM) beat quarterly earnings?,2025-11-25T14:00:00Z,https://seekingalpha.com/,No,True,True,False,True,0x65070BE91477460D8A7AeEb94ef92fe056C2f2A7,,14146.572951,,"hide-from-new,finance,earnings"
675628,bby-quarterly-earnings-nongaap-eps-11-25-2025-1pt31,Will Best Buy (BBY) beat quarterly earnings?,2025-11-25T14:00:00Z,https://seekingalpha.com/,Yes,True,True,False,True,0x65070BE91477460D8A7AeEb94ef92fe056C2f2A7,,20083.025666,,"earnings,finance,hide-from-new"
674923,burl-quarterly-earnings-gaap-eps-11-25-2025-1pt55,Will Burlington Stores (BURL) beat quarterly earnings?,2025-11-25T14:00:00Z,https://seekingalpha.com/,Yes,True,True,False,True,0x65070BE91477460D8A7AeEb94ef92fe056C2f2A7,,14547.988565,,"earnings,hide-from-new,finance"
675627,dks-quarterly-earnings-nongaap-eps-11-25-2025-2pt7,Will DICK'S Sporting Goods (DKS) beat quarterly earnings?,2025-11-25T14:00:00Z,https://seekingalpha.com/,No,True,True,False,True,0x65070BE91477460D8A7AeEb94ef92fe056C2f2A7,,129342.291288,,"earnings,finance,hide-from-new"
675620,kss-quarterly-earnings-gaap-eps-11-25-2025-neg0pt21,Will Kohls (KSS) beat quarterly earnings?,2025-11-25T14:00:00Z,https://seekingalpha.com/,Yes,True,True,False,True,0x65070BE91477460D8A7AeEb94ef92fe056C2f2A7,,15544.334006,,"earnings,hide-from-new,finance"
675619,anf-quarterly-earnings-gaap-eps-11-25-2025-2pt22,Will Abercrombie & Fitch (ANF) beat quarterly earnings?,2025-11-25T14:00:00Z,https://seekingalpha.com/,Yes,True,True,False,True,0x65070BE91477460D8A7AeEb94ef92fe056C2f2A7,,9657.975609,,"earnings,finance,hide-from-new"
674922,pd-quarterly-earnings-nongaap-eps-11-25-2025-0pt25,Will PagerDuty (PD) beat quarterly earnings?,2025-11-25T22:00:00Z,https://seekingalpha.com/,Yes,True,True,False,True,0x65070BE91477460D8A7AeEb94ef92fe056C2f2A7,,20894.894498,,"earnings,hide-from-new,finance"
675614,dell-quarterly-earnings-nongaap-eps-11-25-2025-2pt47,Will Dell Technologies (DELL) beat quarterly earnings?,2025-11-25T22:00:00Z,https://seekingalpha.com/,Yes,True,True,False,True,0x65070BE91477460D8A7AeEb94ef92fe056C2f2A7,,20204.867985,,"earnings,hide-from-new,finance"
675615,adsk-quarterly-earnings-nongaap-eps-11-25-2025-2pt5,Will Autodesk (ADSK) beat quarterly earnings?,2025-11-25T22:00:00Z,https://seekingalpha.com/,Yes,True,True,False,True,0x65070BE91477460D8A7AeEb94ef92fe056C2f2A7,,9652.504356,,"earnings,hide-from-new,finance"
675616,wday-quarterly-earnings-nongaap-eps-11-25-2025-2pt17,Will Workday (WDAY) beat quarterly earnings?,2025-11-25T22:00:00Z,https://seekingalpha.com/,Yes,True,True,False,True,0x65070BE91477460D8A7AeEb94ef92fe056C2f2A7,,10095.023705,,"hide-from-new,earnings,finance"
675617,hpq-quarterly-earnings-nongaap-eps-11-25-2025-0pt92,Will HP (HPQ) beat quarterly earnings?,2025-11-25T22:00:00Z,https://seekingalpha.com/,Yes,True,True,False,True,0x65070BE91477460D8A7AeEb94ef92fe056C2f2A7,,12030.841056,,"finance,earnings,hide-from-new"
675496,urbn-quarterly-earnings-gaap-eps-11-25-2025-1pt18,Will Urban Outfitters (URBN) beat quarterly earnings?,2025-11-25T22:00:00Z,https://seekingalpha.com/,Yes,True,True,False,True,0x65070BE91477460D8A7AeEb94ef92fe056C2f2A7,,14191.968124,,"hide-from-new,earnings,finance"
675621,de-quarterly-earnings-gaap-eps-11-26-2025-3pt87,Will Deere (DE) beat quarterly earnings?,2025-11-26T14:00:00Z,https://seekingalpha.com/,Yes,True,True,False,True,0x65070BE91477460D8A7AeEb94ef92fe056C2f2A7,,16271.738512,,"finance,earnings,hide-from-new"
674921,fro-quarterly-earnings-nongaap-eps-11-28-2025-0pt23,Will Frontline (FRO) beat quarterly earnings?,2025-11-28T14:00:00Z,https://seekingalpha.com/,No,True,True,False,True,0x65070BE91477460D8A7AeEb94ef92fe056C2f2A7,,17905.010287,,"hide-from-new,finance,earnings"
696247,mdb-quarterly-earnings-nongaap-eps-12-01-2025-0pt79,Will MongoDB (MDB) beat quarterly earnings?,2025-12-01T22:00:00Z,https://seekingalpha.com/,Yes,True,True,False,True,0x65070BE91477460D8A7AeEb94ef92fe056C2f2A7,,18174.174774,,"finance,hide-from-new,earnings"
696263,unfi-quarterly-earnings-nongaap-eps-12-02-2025-0pt4,Will United Natural Foods (UNFI) beat quarterly earnings?,2025-12-02T14:00:00Z,https://seekingalpha.com/,Yes,True,True,False,True,0x65070BE91477460D8A7AeEb94ef92fe056C2f2A7,,12872.390631,,"hide-from-new,earnings,finance"
696258,aeo-quarterly-earnings-gaap-eps-12-02-2025-0pt43,Will American Eagle Outfitters (AEO) beat quarterly earnings?,2025-12-02T22:00:00Z,https://seekingalpha.com/,Yes,True,True,False,True,0x65070BE91477460D8A7AeEb94ef92fe056C2f2A7,,11581.905806,,"hide-from-new,finance,earnings"
696259,asan-quarterly-earnings-nongaap-eps-12-02-2025-0pt06,Will Asana (ASAN) beat quarterly earnings?,2025-12-02T22:00:00Z,https://seekingalpha.com/,Yes,True,True,False,True,0x65070BE91477460D8A7AeEb94ef92fe056C2f2A7,,14505.846772,,"earnings,finance,hide-from-new"
696252,crwd-quarterly-earnings-nongaap-eps-12-02-2025-0pt94,Will CrowdStrike Holdings (CRWD) beat quarterly earnings?,2025-12-02T22:00:00Z,https://seekingalpha.com/,Yes,True,True,False,True,0x65070BE91477460D8A7AeEb94ef92fe056C2f2A7,,13995.104935,,"finance,earnings,hide-from-new"
696257,okta-quarterly-earnings-nongaap-eps-12-02-2025-0pt76,Will Okta (OKTA) beat quarterly earnings?,2025-12-02T22:00:00Z,https://seekingalpha.com/,Yes,True,True,False,True,0x65070BE91477460D8A7AeEb94ef92fe056C2f2A7,,13000.95436,,"hide-from-new,earnings,finance"
697452,cxm-quarterly-earnings-nongaap-eps-12-03-2025-0pt09,Will Sprinklr (CXM) beat quarterly earnings?,2025-12-03T14:00:00Z,https://seekingalpha.com/,Yes,True,True,False,True,0x65070BE91477460D8A7AeEb94ef92fe056C2f2A7,,15692.515334,,"earnings,finance,hide-from-new"
697448,dltr-quarterly-earnings-nongaap-eps-12-03-2025-1pt08,Will Dollar Tree (DLTR) beat quarterly earnings?,2025-12-03T14:00:00Z,https://seekingalpha.com/,Yes,True,True,False,True,0x65070BE91477460D8A7AeEb94ef92fe056C2f2A7,,15804.302925,,"finance,earnings,hide-from-new"
697451,m-quarterly-earnings-nongaap-eps-12-03-2025-neg0pt15,Will Macy's (M) beat quarterly earnings?,2025-12-03T14:00:00Z,https://seekingalpha.com/,Yes,True,True,False,True,0x65070BE91477460D8A7AeEb94ef92fe056C2f2A7,,19334.872662,,"finance,earnings,hide-from-new"
697447,snow-quarterly-earnings-nongaap-eps-12-03-2025-0pt31,Will Snowflake (SNOW) beat quarterly earnings?,2025-12-03T22:00:00Z,https://seekingalpha.com/,Yes,True,True,False,True,0x65070BE91477460D8A7AeEb94ef92fe056C2f2A7,,15647.807614,,"earnings,finance,hide-from-new"
700377,five-quarterly-earnings-nongaap-eps-12-03-2025-0pt24,Will Five Below (FIVE) beat quarterly earnings?,2025-12-03T22:00:00Z,https://seekingalpha.com/,Yes,True,True,False,True,0x65070BE91477460D8A7AeEb94ef92fe056C2f2A7,,13236.34549,,"hide-from-new,finance,earnings"
697446,crm-quarterly-earnings-nongaap-eps-12-03-2025-2pt86,Will Salesforce (CRM) beat quarterly earnings?,2025-12-03T22:00:00Z,https://seekingalpha.com/,Yes,True,True,False,True,0x65070BE91477460D8A7AeEb94ef92fe056C2f2A7,,17045.936433,,"finance,hide-from-new,earnings"
697475,kr-quarterly-earnings-nongaap-eps-12-04-2025-1pt03,Will Kroger (KR) beat quarterly earnings?,2025-12-04T14:00:00Z,https://seekingalpha.com/,Yes,True,True,False,True,0x65070BE91477460D8A7AeEb94ef92fe056C2f2A7,,9404.650783,,"finance,earnings,hide-from-new"
697463,dg-quarterly-earnings-gaap-eps-12-04-2025-0pt92,Will Dollar General (DG) beat quarterly earnings?,2025-12-04T14:00:00Z,https://seekingalpha.com/,Yes,True,True,False,True,0x65070BE91477460D8A7AeEb94ef92fe056C2f2A7,,13380.224797,,"finance,hide-from-new,earnings"
697476,bbw-quarterly-earnings-gaap-eps-12-04-2025-0pt59,Will Build-A-Bear Workshop (BBW) beat quarterly earnings?,2025-12-04T14:00:00Z,https://seekingalpha.com/,Yes,True,True,False,True,0x65070BE91477460D8A7AeEb94ef92fe056C2f2A7,,10787.530696,,"finance,earnings,hide-from-new"
697468,iot-quarterly-earnings-nongaap-eps-12-04-2025-0pt12,Will Samsara (IOT) beat quarterly earnings?,2025-12-04T22:00:00Z,https://seekingalpha.com/,Yes,True,True,False,True,0x65070BE91477460D8A7AeEb94ef92fe056C2f2A7,,20034.455505,,"hide-from-new,earnings,finance"
697469,rbrk-quarterly-earnings-nongaap-eps-12-04-2025-neg0pt17,Will Rubrik (RBRK) beat quarterly earnings?,2025-12-04T22:00:00Z,https://seekingalpha.com/,Yes,True,True,False,True,0x65070BE91477460D8A7AeEb94ef92fe056C2f2A7,,19420.215113,,"hide-from-new,finance,earnings"
697477,swbi-quarterly-earnings-nongaap-eps-12-04-2025-0pt02,Will Smith & Wesson Brands (SWBI) beat quarterly earnings?,2025-12-04T22:00:00Z,https://seekingalpha.com/,Yes,True,True,False,True,0x65070BE91477460D8A7AeEb94ef92fe056C2f2A7,,21460.062077,,"finance,hide-from-new,earnings"
697462,hpe-quarterly-earnings-nongaap-eps-12-04-2025-0pt58,Will Hewlett Packard Enterprise (HPE) beat quarterly earnings?,2025-12-04T22:00:00Z,https://seekingalpha.com/,Yes,True,True,False,True,0x65070BE91477460D8A7AeEb94ef92fe056C2f2A7,,10622.219785,,"finance,earnings,hide-from-new"
697470,docu-quarterly-earnings-nongaap-eps-12-04-2025-0pt91,Will DocuSign (DOCU) beat quarterly earnings?,2025-12-04T22:00:00Z,https://seekingalpha.com/,Yes,True,True,False,True,0x65070BE91477460D8A7AeEb94ef92fe056C2f2A7,,12407.069542,,"hide-from-new,earnings,finance"
697474,vsco-quarterly-earnings-nongaap-eps-12-05-2025-neg0pt59,Will Victoria's Secret (VSCO) beat quarterly earnings?,2025-12-05T14:00:00Z,https://seekingalpha.com/,Yes,True,True,False,True,0x65070BE91477460D8A7AeEb94ef92fe056C2f2A7,,22625.270092,,"finance,hide-from-new,earnings"
701948,orcl-quarterly-earnings-nongaap-eps-12-08-2025-1pt64,Will Oracle (ORCL) beat quarterly earnings?,2025-12-08T22:00:00Z,https://seekingalpha.com/,Yes,True,True,False,True,0x65070BE91477460D8A7AeEb94ef92fe056C2f2A7,,35204.87808,,"earnings,hide-from-new,finance"
701985,cpb-quarterly-earnings-nongaap-eps-12-09-2025-0pt73,Will Campbell's (CPB) beat quarterly earnings?,2025-12-09T14:00:00Z,https://seekingalpha.com/,Yes,True,True,False,True,0x65070BE91477460D8A7AeEb94ef92fe056C2f2A7,,22322.420956,,"hide-from-new,earnings,finance"
701950,azo-quarterly-earnings-gaap-eps-12-09-2025-32pt58,Will Autozone (AZO) beat quarterly earnings?,2025-12-09T14:00:00Z,https://seekingalpha.com/,No,True,True,False,True,0x65070BE91477460D8A7AeEb94ef92fe056C2f2A7,,17762.359605,,"earnings,hide-from-new,finance"
697473,aso-quarterly-earnings-nongaap-eps-12-09-2025-1pt06,Will Academy Sports and Outdoors (ASO) beat quarterly earnings?,2025-12-09T14:00:00Z,https://seekingalpha.com/,Yes,True,True,False,True,0x65070BE91477460D8A7AeEb94ef92fe056C2f2A7,,9281.074082,,"finance,hide-from-new,earnings"
697472,kfy-quarterly-earnings-nongaap-eps-12-04-2025-1pt31,Will Korn Ferry (KFY) beat quarterly earnings?,2025-12-09T14:00:00Z,https://seekingalpha.com/,Yes,True,True,False,True,0x65070BE91477460D8A7AeEb94ef92fe056C2f2A7,,14537.831644,,"finance,earnings,hide-from-new"
701986,dbi-quarterly-earnings-nongaap-eps-12-09-2025-0pt16,Will Designer Brands (DBI) beat quarterly earnings?,2025-12-09T14:00:00Z,https://seekingalpha.com/,Yes,True,True,False,True,0x65070BE91477460D8A7AeEb94ef92fe056C2f2A7,,14182.446894,,"earnings,hide-from-new,finance"
899878,brze-quarterly-earnings-nongaap-eps-12-09-2025-0pt07,Will Braze Inc (BRZE) beat quarterly earnings?,2025-12-09T22:00:00Z,https://seekingalpha.com/,No,True,True,False,True,0x65070BE91477460D8A7AeEb94ef92fe056C2f2A7,,3569.640596,,"hide-from-new,finance,earnings,equities"
701955,casy-quarterly-earnings-gaap-eps-12-09-2025-5pt2,Will Casey's General Stores (CASY) beat quarterly earnings?,2025-12-09T22:00:00Z,https://seekingalpha.com/,Yes,True,True,False,True,0x65070BE91477460D8A7AeEb94ef92fe056C2f2A7,,19387.706236,,"earnings,finance,hide-from-new"
701993,gme-quarterly-earnings-nongaap-eps-12-09-2025-0pt2,Will GameStop (GME) beat quarterly earnings?,2025-12-09T22:00:00Z,https://seekingalpha.com/,Yes,True,True,False,True,0x65070BE91477460D8A7AeEb94ef92fe056C2f2A7,,51573.506126,,"earnings,hide-from-new,finance"
701987,play-quarterly-earnings-nongaap-eps-12-09-2025-neg1pt02,Will Dave & Buster's Entertainment (PLAY) beat quarterly earnings?,2025-12-09T22:00:00Z,https://seekingalpha.com/,No,True,True,False,True,0x65070BE91477460D8A7AeEb94ef92fe056C2f2A7,,7527.55247,,"hide-from-new,earnings,finance"
697471,cbrl-quarterly-earnings-nongaap-eps-11-27-2025-neg0pt65,Will Cracker Barrel Old Country Store (CBRL) beat quarterly earnings?,2025-12-09T22:00:00Z,https://seekingalpha.com/,No,True,True,False,True,0x65070BE91477460D8A7AeEb94ef92fe056C2f2A7,,22021.186127,,"earnings,finance,hide-from-new"
701960,chwy-quarterly-earnings-nongaap-eps-12-10-2025-0pt3,Will Chewy (CHWY) beat quarterly earnings?,2025-12-10T14:00:00Z,https://seekingalpha.com/,Yes,True,True,False,True,0x65070BE91477460D8A7AeEb94ef92fe056C2f2A7,,18130.614454,,"earnings,finance,hide-from-new"
701961,adbe-quarterly-earnings-nongaap-eps-12-10-2025-5pt4,Will Adobe (ADBE) beat quarterly earnings?,2025-12-10T22:00:00Z,https://seekingalpha.com/,Yes,True,True,False,True,0x65070BE91477460D8A7AeEb94ef92fe056C2f2A7,,29968.71221,,"earnings,hide-from-new,finance"
701994,mtn-quarterly-earnings-gaap-eps-12-10-2025-neg5pt24,Will Vail Resorts (MTN) beat quarterly earnings?,2025-12-10T22:00:00Z,https://seekingalpha.com/,Yes,True,True,False,True,0x65070BE91477460D8A7AeEb94ef92fe056C2f2A7,,18787.381825,,"earnings,finance,hide-from-new"
899877,rh-quarterly-earnings-nongaap-eps-12-11-2025-2pt16,Will RH (RH) beat quarterly earnings?,2025-12-11T22:00:00Z,https://seekingalpha.com/,No,True,True,False,True,0x65070BE91477460D8A7AeEb94ef92fe056C2f2A7,,1669.151663,,"hide-from-new,finance,earnings,equities"
899876,lulu-quarterly-earnings-gaap-eps-12-11-2025-2pt21,Will Lululemon (LULU) beat quarterly earnings?,2025-12-11T22:00:00Z,https://seekingalpha.com/,Yes,True,True,False,True,0x65070BE91477460D8A7AeEb94ef92fe056C2f2A7,,9500.435714,,"earnings,finance,hide-from-new,equities"
899875,cost-quarterly-earnings-gaap-eps-12-11-2025-4pt28,Will Costco Wholesale (COST) beat quarterly earnings?,2025-12-11T22:00:00Z,https://seekingalpha.com/,Yes,True,True,False,True,0x65070BE91477460D8A7AeEb94ef92fe056C2f2A7,,17081.424912,,"earnings,hide-from-new,finance,equities"
898889,avgo-quarterly-earnings-nongaap-eps-12-11-2025-1pt87,Will Broadcom Inc. (AVGO) beat quarterly earnings?,2025-12-11T22:00:00Z,https://seekingalpha.com/,Yes,True,True,False,True,0x65070BE91477460D8A7AeEb94ef92fe056C2f2A7,,29199.982794,,"hide-from-new,earnings,finance,equities"
